Numerical_Aptitude,Spatial_Aptitude,Perceptual_Aptitude,Abstract_Reasoning,Verbal_Reasoning
7.745071229516849,6.852355095063283,8.518839785854803,8.434033291399965,4.987232587538427
6.792603548243223,8.818833280940261,7.664340629242984,6.83857714040576,5.783221993926723
7.971532807151039,2.2028648523617176,6.107334665856313,6.518161339893231,4.811370118500058
9.284544784612038,6.125938473381142,4.8355138001299665,7.495950651106858,5.53805770554144
6.648769937914996,3.698714861756346,7.2568019645044615,7.295778452970086,3.1595779995693216
6.648794564576229,4.0257492324706075,6.708273693759149,6.95612634080727,6.319940561059408
9.368819223261088,3.8152121515222617,7.611347796049918,8.335664936948058,6.001808213043336
8.151152093729364,3.2720184606403677,7.143309243027545,8.646366250284613,4.7743670533977145
6.295788421097572,5.097043255889654,7.889194887574803,7.606088263550217,6.988868502648607
7.8138400653789475,3.3380997671779244,5.036576619190978,9.273036097266314,7.406355206439837
6.304873460781307,5.540913651559678,8.371309318141787,6.1299730630397935,3.5886602034465387
6.301405369644614,4.899523781101726,6.35567928844632,7.267608648864338,4.855912832150679
7.362943407349051,4.522103906267181,9.735469570725478,6.639813215276634,4.846286475319053
4.130079633013303,3.1848726759168042,4.759461927438778,5.260156059512328,4.590145348336703
4.412623251230451,3.8464573388633347,9.12473484569745,7.400783176988761,7.244212262897623
6.1565687061385415,6.510782451651512,6.356239410232766,7.353902989940059,5.709260791840794
5.480753319498364,6.0018343752487615,4.827447593493993,9.316139691890557,5.603227738034084
7.471370998892911,3.044889510402898,5.129005498702221,8.256974021465734,2.99420645338987
5.637963886718183,5.198664610858452,5.4233748452502235,6.270975810804954,6.95312704531384
4.881544447997063,6.502774246743578,6.7634987035234495,9.724911079601025,4.141112407719791
9.19847315338233,1.6611894377572565,6.941103878463899,8.965240434630424,6.089898945399493
6.661335549270197,6.08672038475987,4.967339992910558,8.198517244162339,6.416065406937287
7.101292307031886,3.674752482108307,5.956161733930231,7.228219081380201,8.040987893757976
4.862877720679815,6.141197337186319,9.856086645501355,6.348672915931824,4.036769401321331
6.183425913212226,3.4734816869149663,9.10957770618128,7.053351868714737,1.470731766268762
7.166383884564799,1.390235798670962,6.7853826054132576,8.806498343645023,6.2757743171305425
5.273509633866546,1.7449151242336747,6.06840626070276,9.761503567121531,8.700766772266281
7.563547027518508,5.096169893322764,6.216056388092871,9.351892233926627,7.858419529409156
6.099041965121793,5.519445003442963,7.10433235091475,6.913380693856471,6.314489122911938
6.562459375310085,3.191366749791183,4.15897338264287,6.156459080053187,5.262545721551929
6.097440081655905,6.277184917554748,5.536722232637979,7.669063496293445,7.210683894955966
9.778417276763406,1.6769598754620803,2.9965486670203387,5.3778727613245785,4.539680700443297
6.979754162893099,4.867840402705367,6.718601620689503,7.887801257021738,6.714536654034329
5.41343360656615,2.5779676004750867,7.164952691464934,7.322876896441597,6.75820523874994
8.233817368154783,3.696327784395682,5.130264367861127,6.940756197758109,7.59031486124832
5.168734525043467,5.094797342632828,8.833176173922059,5.5863563192798456,10.0
7.313295392507133,3.2791732694320954,3.7936218065957856,8.11632012788366,6.5886239507681506
4.060494814180337,4.230888911540349,3.3641252156223236,6.860758992405707,5.236554561438751
5.007720926652354,7.012585618428881,6.40401327340795,6.096099797147654,5.961638531712008
7.295291853803685,3.8462162609537023,7.884776944701878,4.0532853440620205,3.3463861426663226
8.107699869993116,6.671384224130284,9.031069844624163,7.4669821139392365,4.957930303366412
7.257052421784956,2.740586290684764,5.174008326835908,9.626701916003693,5.386076342830344
6.826527576417639,6.059608355830566,7.9416255001763325,9.493511057457443,5.213867403098111
6.548344456616067,7.883137241315801,5.930684754898727,6.951484492096474,6.228532308050583
4.782217014448859,0.056710999745421375,5.689270860106524,6.777345527565863,4.766370101426699
5.920233687407937,3.406209489059046,7.59058788747601,8.062529107290029,7.681546000986707
6.309041843560319,6.15414425436108,7.174181181144156,6.30193747297405,6.000310597377296
8.585683339328373,4.593909227914015,3.162494117428351,7.862150279783359,5.986049518292078
7.515427434352692,5.742291746742618,8.657772629506614,8.419296334061627,5.508157925230623
4.355439766955899,3.792029626568359,8.484164437465413,8.972319868661168,6.232786025788469
7.486125954092192,5.1731795749458,4.873987137282847,7.379815108224057,7.237647397001452
6.422376579375525,4.688645529215841,6.712446360187336,7.255591499787641,4.699304676433649
5.984616999541062,7.335564123319615,6.88925433530893,6.4464208958921265,5.012825266387115
7.917514433261302,5.508841686602426,6.4692127784830324,6.507743575152168,5.544410956835003
8.546499283743927,5.675205324150404,5.009450723078244,7.228225329718168,3.9811936147901776
8.396920178674298,4.1762460677550655,4.791077937711507,7.940838608179414,4.771113210417753
5.741173715166042,4.024787551855013,5.954002672215399,8.596301551479899,5.285668689683011
6.5361814362231785,4.134883624360758,8.110912234666856,6.536185259183586,7.311583771069092
7.496895147105346,5.788904284756594,6.978480278269978,9.291226282751426,6.393841993502887
8.463317690683539,4.158031038359474,5.33289420224501,7.174651678748917,6.2903848670513165
6.281238643232065,5.579549713792826,7.389057679167021,7.4743592467818765,7.2763469432519585
6.721511535004274,9.150801597290878,0.872623282865864,6.603345985022612,5.793942317400905
5.340497538990958,6.742249406863385,8.067778260669787,4.59091168767247,6.5856972748933345
5.205690063878993,4.347952935664318,2.868515198199421,8.56085447563326,5.8451673706012555
8.218788733591296,7.40242784432789,5.347606305474362,8.38421267651092,6.398043524099442
9.034360042856235,4.183849253956897,3.984594189672941,7.162406931458144,5.125862013582627
6.891984817629499,0.9237509296442923,3.6695733437023694,7.580388860669847,2.341774262585356
8.505299346838036,2.983827378165192,8.089488217281335,8.11912706124492,5.798581256720544
7.542454037571451,1.2584161579482886,5.158137837638596,5.624944971736149,8.13412220414991
6.032320368092313,4.296973031917383,6.6237069871152885,6.865136787184446,7.389323103362388
7.5420934082626205,5.036836758379104,5.915542958017468,8.453117615546192,7.448096226886756
9.307054849698954,8.352874624550566,6.858673489001618,5.9948526921969005,7.854196082709327
6.946260941335073,5.653854747528325,6.138279403908459,7.852269518599956,6.132986386442156
9.346965483721009,4.561798942382271,3.6906139964605744,5.8721018344519145,6.295973561108394
3.0703823438653837,6.658811162366979,7.793280275004852,8.05971597892023,5.073522156848474
8.232853756562836,0.5777293819842297,5.111238150309638,7.4572302212430195,5.5258907159594255
7.130570602357257,5.471229116217132,3.198152582412448,5.561841820913388,6.923656724656713
6.551488974301199,6.541730387773933,5.229392710261357,8.897687225348605,7.805826655753224
7.137641164803253,2.042827508440317,8.70136762314176,6.618490107842341,5.790830586478501
4.018646628098661,7.287508086413858,7.530399135804287,6.527697075582743,5.324716102722883
6.670492168243732,5.676992814988829,5.372426158065854,7.740683036677131,6.0007919382848955
7.53566885726762,4.169424172198397,5.371336132226828,8.878364819314458,6.901810123393672
9.216841067112274,6.26556373221257,5.421056907808711,6.281013817225924,3.8342177757996874
6.222594672589529,9.541385715608792,9.738146370409513,7.574015819817566,2.555728570294143
5.787259595660219,5.36373251011699,6.687483814016796,8.014579800396687,5.174194725762625
6.247364434623195,5.496441172600672,6.774074964943925,8.331726728715774,4.168931361128762
8.373103176553112,4.081278200919511,7.854510217257316,7.7117298663326705,5.2377897035290335
7.493126664489527,3.3003112610704166,6.429820486247724,7.059566593100013,5.778329521773792
6.205359694349442,6.660671633088491,5.533724137522734,6.5068917352215365,5.3201273864654794
7.769901149670034,3.2878323481822656,5.646570271647039,7.6033726596556495,8.178701301706118
7.14561632402206,5.143132474438785,5.871117733054685,6.213433185617272,6.49011714690348
8.452967485799334,4.044685106469767,5.932999974282285,3.9943794198064713,6.450711539416242
5.946920359183972,5.957959651492784,7.309733178546564,8.0238717649892,6.933310716065103
6.508506780103348,5.667324210573897,6.093502594453139,8.584721809303435,4.291750323328847
6.411837770301764,7.075079888515798,7.318752138988042,4.6644810773497944,7.558667681130403
4.804727577801822,3.979967202290506,5.854710155804552,6.288323154348075,5.88635357019681
7.444180415596864,4.460250129413257,6.141543342568963,8.242985113206238,7.005720925861819
7.391582908269834,3.042472568435385,2.4032387678422062,9.96899456365404,4.3922141504397665
7.0076701849636915,4.111413479847776,7.649389814464467,7.524952449210489,3.6693618509759034
6.64811929993728,5.754600986089704,6.623679256616387,6.626396470525039,7.226834487037543
4.876943886924378,6.513977233290704,7.796418197747374,7.280524270674192,6.564614289146275
6.369032015851961,3.1556693516447494,0.7867403192513596,9.149851702977822,4.646922668463734
6.485928225209846,6.73921184021132,9.75907446860531,6.724842985050557,4.695505378087958
5.796584096167572,7.711275717609902,5.748738669320687,6.540969592019696,7.688152176622154
6.758071432500986,5.826869806447402,7.99472907012753,6.920707773381561,4.2158821606990085
7.606076285221808,8.753591625116131,4.128169331174044,6.356005670089545,8.464009429883944
9.829278851815795,3.452421601792854,7.102993029112626,7.647204379193755,4.649068898028197
7.261866719247759,2.510690593377166,4.1038519862874185,9.449614150163473,6.957587888412575
7.386325586084147,1.4425595021914428,4.877215870747551,7.887695127739235,5.507072286376523
6.888331126350749,7.9920886229783665,9.445256436960214,7.1971757974484545,6.904781146623515
4.121843177051438,6.308731312708115,5.656771678625976,7.149826477301347,5.183828996828711
6.960229186826175,4.8888306581790895,6.391379171723501,5.624171029564012,5.755810640891559
7.09034531491154,5.5599372526396404,7.566121915239758,8.55973173257659,6.061378763093582
10.0,2.749021905403247,6.8922273983506885,7.406595363584637,4.496718816327791
6.711458552828316,9.891503959233653,6.270754029258438,7.2834241036912495,7.111236518130189
7.452321013500419,5.258442363950455,6.656929804439206,10.0,5.230179650292622
6.947932345442135,5.218789589209786,10.0,7.8585034900388235,5.657100126989972
5.246982943570702,6.451533247797384,5.896286165339546,6.597850739885779,4.508475938087232
8.71423422177253,5.962018463473426,6.361978284086941,6.988370884553348,2.1564995118070343
8.127899549030161,5.447768048558263,7.891177912813702,8.878134851036105,5.713458356099746
8.186547920564571,3.4190510891093764,7.989946679324371,7.635924492645318,9.618923132419374
5.635918817807892,5.942936714271991,8.136654550008684,5.77406642601916,7.176906431847035
9.10419146640415,8.764048992950068,7.149714399652533,8.603074721490245,5.971109430398408
4.8972234058115784,7.690840092309955,3.9425911570851295,6.698227097353207,5.605663756187599
7.880285640700405,8.186373253278795,8.940176758141973,9.747957331461055,6.0336988392180695
10.0,3.9775686471376295,3.9365782925663617,8.796057678857577,6.820678672762815
5.514195512303967,3.020790359482838,6.54474383743026,6.963213725209498,4.228780777036732
6.150553405595842,4.748426159800704,4.642303469965156,9.037219634082135,7.671482542003308
7.1494770476314615,5.111449824577389,5.884550976132614,7.5814266126328835,7.073071973161866
6.244786518825701,7.188383036941897,6.5917723385462645,8.523328410146663,7.077278588561901
4.674004853400801,1.6150707405703613,6.578442987810492,8.08167938075337,6.657713608214591
7.102844462209041,8.059100638921228,6.759457357623512,6.484372014010952,6.029424986540985
5.406544429410843,4.683984202842021,8.904680284305565,6.727740201219046,7.00929185395023
7.710388645952772,4.14623786010516,6.816361742725164,8.735952981097393,6.887721200612067
5.620863648649295,2.975791249479665,5.560518056476832,7.098269601472151,5.468938933588464
9.324901607526309,1.6902866562684613,7.735356902919043,7.015621844109604,5.139597340654649
5.825120061495644,6.646341167923829,8.141046880064353,6.353852904780776,6.15278444289298
6.516907725691486,5.146635934376808,3.7903059327534137,8.008318878712153,8.323530227242781
8.220275826054504,2.4200782005178922,7.0753201257297444,9.975029903091773,4.141339386519149
5.1537035253490675,2.409842455872768,7.262110936159617,6.2189605028948725,3.79871210137134
7.341189901906194,4.328430601419743,5.464385693952014,7.52906334800731,6.247141261854775
8.960714131423643,8.338043050578786,8.476272263960915,9.194664666498515,6.076331552784027
4.588775148158159,4.48081729727279,5.729899943341452,7.404430330505142,6.260012496555612
7.276950787798456,1.9937140937637876,6.226037616248776,8.042846155499682,6.36592979686275
7.389824191372635,4.508513871828112,5.688470716289035,6.2251277662237445,5.665196618047792
8.172734307665966,4.454552860504659,6.028042285646642,8.013968516649179,8.234795157903124
5.144573933682877,0.0,4.026704843588637,7.275426881994542,3.5986440322852267
5.019315080373586,4.8914102669643755,3.4079084113302702,8.682875994815836,4.757254462829631
7.782912348425347,4.538130939582644,8.87010911380495,8.924863261877702,5.845117859776429
7.445477009849779,6.3924127296268365,4.47546957302701,10.0,3.535216783268749
7.375739275518815,8.69791218989069,4.215493770978647,8.195559807856291,5.736218393351893
7.519672314245463,7.253130059095515,2.1238977955133134,7.8909555798986,8.492205248592027
5.979962917632264,4.462222618890339,4.8498688541588955,7.733261161892803,6.031329732443942
7.348380545741505,2.7869481825166593,3.6184383718665027,7.076200448627174,6.346051358578025
7.439608709948022,10.0,8.955627288245465,7.90618061215403,4.1097528522411295
5.928472872960448,5.118436868028977,7.817670760816742,7.145518307833164,5.075457887940784
9.798661766717135,5.027858583825893,4.761329378680097,7.702153171523537,5.437205429514094
7.710749381367681,4.951749825779993,10.0,9.081117042729552,5.523427354865649
5.2130447541960265,5.39616952153571,7.76717787658487,6.292148921664431,7.922465692505654
7.984830412950744,4.711279176152115,5.415303509684479,8.867854273354855,6.836536591087687
5.5379774946590175,3.8526759862395275,1.5010697132275679,9.080538080807838,4.332813064594452
8.180626905613678,3.9062821175192157,10.0,7.358317767610705,6.369757167648007
8.737893368511106,4.934493459568003,3.498769559825527,4.953774121189687,6.747332622745178
5.7689765224724345,3.91315045773247,3.038282255477595,6.770613615486681,7.7102235577819
8.445064193866482,3.5743084346456713,7.840626777617352,9.05639345587333,8.370811029852561
7.619171390404747,5.212860455383794,10.0,7.472558325241342,4.477358712258197
8.233090239991736,4.490045565158289,8.491691073318933,6.300837321246107,4.783713733184493
9.845189473980922,8.007985977165378,7.015036416094247,6.8942700945261395,4.113633211628075
6.631917825995695,0.0,7.070557814997515,8.508744031805463,5.6489702113395275
5.869395753463765,7.1830137038449235,7.536148005804554,8.156080281841655,6.699537561669501
5.665728355561715,7.492170384995259,7.366071461616177,7.213281480996367,7.481001774883653
5.776284572551843,0.8532195351837011,6.506144563144876,7.059810705822375,5.886073464536216
6.884347435878844,4.314624811839303,6.187561987113377,7.029890221147414,5.520228715117734
7.511727962224966,4.257118268008417,5.88733236978086,6.393107778601797,6.227636988373111
7.415036198995028,2.1849766105643575,4.642863740039982,9.43845082736333,4.747285647554966
8.240774873554036,3.444366624818249,5.494784861639807,7.113215436946392,9.13430808254216
7.0195028378168605,2.7788483090683425,2.952677734448306,8.960590224990597,3.588508459322912
9.180301115735976,8.504540886847245,5.82298867176945,9.325579262306942,6.277110868343587
6.603014750143066,6.871356786294922,4.220536007128349,8.697973077777553,9.035409328844459
10.0,7.543110189988317,4.013539229011612,6.982055624738342,6.010199766839997
7.938501021647509,6.44334412808647,6.323809472076261,7.984476108403931,5.7149414474977585
5.714263665375576,2.7418964575655416,8.50560411542028,7.470965272330901,5.463831865784359
5.393661252908331,3.9509594674404527,7.6529698908041635,6.415557767123846,5.729412477356388
7.723708622864778,5.978749122455836,3.1730989134782814,7.889231138065924,8.059272712014796
6.664805822011224,2.5557443822161092,4.218669354173392,6.085152250608237,2.6822071330057398
8.071000741138137,6.425996860344776,7.693388138378789,8.925215266153877,8.300150551944489
7.709856436860317,4.5193492036837295,4.231522691631042,6.942459243241928,3.864064271324782
6.890756631014691,4.250358384900805,5.595660330005356,7.741391587047407,5.600021506148378
5.729809422897393,6.421919936406983,6.990093778244193,7.839945445855371,5.3561333695520075
4.727729162971203,5.88852662297208,4.256979981245457,7.189314031555107,6.88282990465608
6.330227571899468,4.278067668361841,6.189675911062728,8.20403256177033,3.6028134721743785
8.284598191485209,7.318659606728496,3.598754109147232,6.930115612052971,6.693258999122914
7.321140616195306,2.8378733448002054,4.917538240887815,8.545556756948693,9.036464434930279
5.131391831932018,6.231871213888527,6.575607481456567,5.884824383703902,3.9552389931107843
7.259771388776773,6.186202515936768,3.1326112796429952,7.651655495455694,6.284559251415594
7.577976069593255,4.38090712137202,6.792854528328718,9.826714798869942,5.007026733305087
5.674213845698301,5.652266044484236,5.964651961931974,6.299602410473311,6.638830809289553
7.230587658918292,2.497772847229394,6.994481917950866,6.686706035370178,6.028721666123628
7.087313077669,6.848054038413802,6.40304544131639,8.116689419590697,5.037769636433536
5.2855445532540655,4.630195727114022,8.45545277395292,7.715498138327518,6.7318084273066106
7.536681040522425,3.954553958961921,6.225404104766233,7.920756119128271,8.706522164680115
7.841176789552351,7.098018451673779,5.227070025974545,8.087024556177196,5.713644312409052
8.624576864762915,3.5913126189144817,6.220135505458111,8.261665762274124,7.079636913222273
8.580703078052355,2.1830774072728807,6.9779364522654985,8.831639810347468,4.0600905631932545
4.933495948064364,1.8867416529521925,6.087948126586268,7.991782388314215,4.565345434772987
5.593262440127316,6.21201990269128,6.073065044166988,7.210490814457749,6.7086094168205666
7.77255290081299,2.439141295007434,4.73641496194784,8.307088441443277,8.226174042803947
7.770678926368313,8.50958836396873,4.806778348408294,9.779858321874258,6.53342002317849
7.772571529459071,0.8361411842325559,3.4753105107605515,7.340839504340912,5.530412954215269
10.0,8.392912736580076,9.149238137736491,6.33056483439523,5.998937108135031
7.85633576603975,5.422034934405237,3.761046176295687,8.828496803144368,4.124388399045424
8.703348460270899,4.806573776259215,4.7527706439673665,7.3555426032556825,6.90677298953305
8.431002645239804,3.9101618263821005,4.706866921975445,4.892796544783156,7.3234995934851135
7.977086876958697,5.798272228704142,7.610863878499995,8.516906012580506,5.3218645007503795
6.527096133039482,4.9247305951503035,5.46909057907435,6.857606176855293,5.294936778360748
8.138453830739902,7.2066037640330425,8.245935730812722,7.391360061235007,6.398817344478073
5.840762178193643,5.228455297324079,4.787716876361037,7.898376396682817,5.3449203959391065
6.644772089889987,5.300603522923756,6.502189492002843,7.72859961573488,5.900801078061266
6.2719546782563445,4.272775575572288,4.496375304132437,8.351342180566848,9.149582683749774
7.122811209079484,4.886108752557865,9.8612684299921,6.977416355316188,5.629461448881005
10.0,5.615603537784119,3.862322845746877,8.1157269578113,5.462489771968166
4.199102211112378,1.5796632146867489,6.55767727840865,7.188543986899299,5.028687291547262
8.029390285561771,2.303629155788574,7.140798385677777,8.386572577065003,7.116287957249905
4.5809261932155225,6.48652818804543,6.744838375412697,8.238440980815664,5.728163740172845
6.29210220131585,5.341730876255884,5.666482214020125,6.377473557546486,5.025940442517861
8.63342589545105,4.632033327294642,5.766322740479833,8.80317853941004,7.9819560484095184
7.096420028643194,5.036867866130787,6.078860649562397,6.8568438658631425,8.129404506770456
5.38338283310604,5.695163410723342,5.735396397068721,8.469669357937374,5.099364651391943
5.927044436110048,3.920480639381277,7.734982410230837,7.940744776081608,3.2001900729590758
8.019396623402013,3.4433905491953745,9.978941402864432,9.705820412154146,7.511270534755383
5.904450052424295,5.391690510195363,4.9965147869859,7.231840821153778,4.973055261359994
7.324687884372962,3.0432544447699357,3.53435463675766,7.080819844658163,7.1859383987441525
7.06835775985572,5.816505511428944,5.841092312967741,7.476696472934721,3.044844273432247
6.022599478591275,1.5948327915243192,10.0,7.13618426059887,7.338896007448964
10.0,7.058311274651287,4.553385777654484,8.45993028233046,4.183242106078828
7.950878533477017,5.9451949648260864,8.950410249799322,5.560427269876095,7.096146178599787
3.962286120013589,5.5120594686277515,9.019861465337593,6.235581097024375,6.021409601754651
7.279681472154142,6.965381967891028,5.003541164925609,6.2186364941049685,4.569090870905033
6.007320302847418,8.330948888925153,7.024169542533496,8.64036911036829,5.389445530609829
8.278650002194336,7.028740130036261,8.931113921631368,9.55273604709831,7.029477685435051
5.811218892350949,1.3182515373367094,5.317570066222523,7.374660937755034,6.158841679672851
6.827895337799651,2.440846066528597,5.633555351815748,7.297413932171987,6.876619470708726
7.757480918470685,3.7503628446086426,4.952974354892441,7.584062595735817,8.964660876773229
8.298632791255182,5.052182100421668,4.17343788475284,8.89425396312983,3.653637582433423
5.199555389416336,6.035318040938246,4.831300418881187,6.387176238971311,8.425818862452935
6.498248146238577,3.548512373693069,3.796907519827938,7.786042779281742,6.156533906284819
6.287582033258566,5.373533528954157,6.061350242866607,8.670237155738915,4.6518239275153075
6.020006151139432,3.489234135293355,4.614048184094445,8.101313003927814,4.004529561391515
9.648181360421646,3.7769643940161037,6.4208146412233456,7.727497939918492,5.71631941383445
7.607472566441434,2.1866778063035555,3.1993878368334707,8.701255311080569,7.382475167886689
5.108674068497432,3.1535335077781914,6.595584417986022,4.256121248400916,5.808676319433698
8.376792920582163,2.2966307887673327,7.500352130896064,8.31345038343709,8.266732395371022
10.0,3.0482534940453343,2.41127584337138,6.715109180247092,3.823236464922662
8.54869789082672,7.107283593215679,6.67330182572563,5.303240523772252,5.981866578230918
4.72094505106898,3.1012022223361138,8.209804186451926,8.113443119429977,4.121409833380321
6.273648890700623,10.0,3.82264616635583,9.148390254195549,6.545447823937452
8.900366723779934,5.9866358017617785,9.010630296307866,7.33506178244677,7.33033108514595
5.938495801571829,5.369672247389747,6.754234216858881,8.643449456643527,5.36885730947842
7.665729142219343,3.2832844396375727,4.730978659634864,9.434733909586374,2.0936792150592987
8.161951080144005,6.4006197588179825,5.89961566021613,9.077897344300856,6.298422220194742
5.609604292632875,3.848724347524452,7.0049884425391005,9.46795743524567,6.655107827600264
6.9107119659073,5.244019629290723,6.13680970454234,8.39055298928627,6.606442132442546
2.138098989896391,10.0,6.969760786403464,7.590520366681911,7.853673287733232
5.463418537998566,4.8078802005507,4.342787532457141,5.577641025723398,4.393419480526427
6.62114777291026,7.298546652571352,6.30484948326494,7.204725014244062,7.020324158175674
5.128325227052725,3.593647149748225,3.455313905571036,6.48810408562057,7.7887612687169625
9.448616955897453,4.930023019006077,5.799793089572339,10.0,3.3321186239902247
4.85478793305905,8.54160127127102,4.372966245363378,7.2889370250811965,6.479477738878466
6.339933269954525,3.746065884424465,4.67604610333842,7.647845768141383,5.243730253488493
7.196110865929137,8.624897115993857,8.224967715378787,8.16178245124856,5.877715990347531
9.161909933599173,6.415503870910951,7.964358217069684,7.552322935646944,6.5215147253075045
4.846206773230841,3.8750664482114647,7.096448617632919,9.534061248516903,5.2691571538296715
8.74474562823244,6.264815478111042,4.033837023589358,6.752820765918658,4.986437881257582
7.015349591529381,6.9451088992534595,5.430464790549356,7.733528946284691,6.051228626232037
5.527737023428074,6.243619924434393,8.18357585996253,6.609035297162342,4.369131091705796
7.693155211394906,1.8595505602190872,6.255090444551828,5.915972986535153,4.371262306672222
7.298589543360205,3.545725648350263,10.0,6.765877090913658,7.019059924434755
6.099674684261808,4.504962728896991,6.70797211090987,7.455555843541905,4.276808947262015
7.1047031274850285,4.851133141799908,6.345688409682057,6.984837330579288,6.999468751363818
6.42202960470736,6.241344195101356,5.443590364435497,6.669094824151373,6.693886939280927
7.170276017876872,5.355402001866508,6.240373628608108,5.812419043593799,3.4112899068141047
7.99319601178157,2.3293112825797975,5.725554294515021,7.400273312845567,4.983653021496517
9.379025224218028,5.760395702011927,7.274595618039463,5.694335551162798,7.791164104571059
5.143276751759727,6.221171490567646,7.722064170230251,8.412067156427524,4.528251703290477
10.0,6.11958089586208,4.585218971085691,7.598927703521404,5.303393606535918
4.071868300716247,7.161561451109243,3.6037806835959993,5.750938200642083,6.693091339877845
6.772322357446625,6.667844309097808,2.6948303284140662,7.128949107540164,7.175085763923893
7.882475809726865,5.918360158456873,6.914384388442579,6.597412313291301,5.622691670933256
7.421487801602549,4.859668577082706,4.013940108887027,7.883009412503016,5.103734707962538
6.065950720269109,1.6780781329680172,2.124796932685531,9.108540535227773,8.133554792547761
6.687816624464087,5.859236438265172,6.699441488155736,5.249793036425107,8.608349495696368
6.2604985980117505,5.4153753743262225,10.0,7.6380312949769005,7.468287076172693
6.115952864583683,5.543157674390747,5.989072359228192,7.307840645320032,6.127977213847536
8.274403145531537,2.446502848359381,7.5092833940129555,8.30560809174056,4.78760141753861
7.535523228947571,2.8378869191834752,6.147292845385617,7.755835953885227,4.7543333901651526
5.960635607109019,7.1063057066658075,5.821998624255944,6.597636801913417,6.783771157898636
8.349399813149876,4.92088969228669,7.654337669377983,7.117135277200058,6.627597331333026
7.460949281314914,6.363001394745249,5.477505820460427,6.544768971835813,8.102397889419644
8.21929317825844,5.056636752260922,6.481306165329426,8.791208566318318,6.975675138804209
7.944443262885418,5.05951227899149,6.579056051152825,7.525573978406331,3.745379547360273
5.7565074836168915,6.876567611951995,4.797437183442512,9.781428822903608,7.577921426584378
6.159728439704546,3.967910543565252,7.785676229165741,7.427207023422455,4.502909059028381
8.120940407684893,5.192241553881967,5.685072437948264,6.649911879707445,5.424043092071472
7.915555398150198,4.075449422589915,4.63965871291288,5.683542728864607,6.3753003093775416
6.968647609053778,4.131007545135369,6.965717718426727,5.336232388492866,8.993501234675946
7.175991074963173,4.381655753062721,4.382757632776133,5.599036868393412,10.0
8.916497343682638,5.444267543267426,6.050726083264431,7.8205519812137805,6.910084588704274
6.112642916746255,4.042502756673045,5.983585806040433,8.110470027875921,5.725205071919418
7.820646071755057,7.511512251147042,7.9546120184968405,5.6025711575614405,6.801758472720826
6.6967110213491585,3.2107853955609924,6.854456819183915,8.574045976891338,7.3314831388107535
6.67347819515917,4.626256711677282,5.954951474258741,6.920326737979873,5.518998561664213
8.648165277980786,4.12053788345165,7.471979338560517,7.676151614382659,8.692817033868483
8.238124523482044,7.893955768707466,8.502373588231164,9.434664753906508,6.345106138787103
8.220264454000958,5.393109553023149,7.004058551433352,8.576207179038638,6.746614633637091
8.958218210731493,7.063689078937269,6.018634715718085,7.1777632225130015,6.998886378081692
7.031505762449139,2.028879253926056,3.6386947817697126,6.430569329501655,6.632379915921684
8.022929456942446,5.534100531738518,4.08279540646433,4.917821518404834,7.258410750704418
6.534599865109816,6.779261591246874,5.450595532161598,6.6370160169090955,5.074120220179616
7.486249528732663,5.164567978550848,4.90287803611329,7.246643713406766,5.162547369080954
6.804785418448473,7.130960750130702,5.663451654626197,6.31538456741858,4.349768650542458
7.1454939474890775,3.9654230997992554,6.101969864814793,7.342491639489234,6.659251845930339
7.89273553815537,7.81869488037116,6.953446957842115,7.592222259550522,7.168404755268171
5.7726689751497915,9.5977962472385,5.873102199493636,7.230172821830306,6.686659299227829
10.0,4.274322879120682,6.875702958887164,6.7199969030118485,8.511738650021305
5.4909739277504475,4.1089949571984565,6.116053946658217,7.702385606360073,5.99160597175643
5.1787170808184015,7.906768954235401,2.4441601805630317,8.030328779483291,7.003112483388769
8.737166310250101,8.159144291461425,4.309196291126242,6.191521107068585,4.362448685791028
8.187494040944404,3.9542799456934636,5.740642399701092,9.193118855695523,5.419350446288399
7.936179725578233,4.159626365808285,3.8225494628860064,7.381694241258886,7.0433066363486665
7.94251826389642,4.436430782278985,7.079871713993168,7.522619547533817,7.273653166114716
6.981629840729628,2.311098977931446,8.755351498218655,8.349857307907868,5.559049578503727
5.654118442771253,3.1626961070316035,8.193771333055171,7.779859357516202,5.892601122212899
7.113706837290589,2.9917184664958643,5.615802832325626,8.643763960695894,3.723189379978786
5.984257432731832,3.464404869791743,8.683307046329913,7.844548998242189,5.464456198790086
8.462679600126627,4.930630225226437,6.267601422963801,6.765075150431475,7.335574745279679
6.779413927746792,5.468429465073042,5.393245251987529,7.933804230247322,6.86280752415985
5.761754204811233,8.101000985628154,4.895875205626308,6.127528551215206,6.750998582071815
6.51792123752051,3.003291918522418,5.455554564321369,7.630271646931828,6.07466053077144
7.6193971814134365,6.968644796953168,5.301281726625788,7.460124011226647,6.010594737942265
6.154413170794038,4.572022311548982,6.306749200275878,7.250259771272952,5.0095182907898295
5.766669406650353,4.901072580695134,6.289033165889756,7.345754986273283,7.048242630303802
7.365530817237868,6.3496389843332075,6.005482836276146,5.241781145402833,6.631459416584085
7.367449856663084,2.7545559568754028,6.78648870554343,6.841530110710846,6.738028271989199
6.239585236943306,5.764819492368101,8.143163294615414,7.611413881369337,5.210947735998629
6.2934425415725155,5.332904416426112,7.709197443794382,7.69182767039688,2.7699856201931334
7.348074906036454,5.984902528016298,3.3271836567901736,6.26678983088885,7.645729067630544
4.8278734877540135,5.5783372878156365,1.4029419571764814,9.01884940903764,5.281743815987394
4.888804338435167,9.91060027982179,7.681775840230693,6.4605901821425995,4.705836353935319
5.922333668121346,3.7245200314973683,3.539618342852242,8.663348640632083,7.04021836787099
6.6798292724322295,3.9380060899963647,5.59542227659317,8.012633234246021,5.411981040121305
7.466361348397007,3.753718947150471,3.8937965530931526,6.724527228187436,7.589904576069933
9.213034325424328,3.8890457616794905,2.7564352123559646,9.630373071131414,6.9255089243650465
8.286489434803029,3.7252257453869646,6.9746329107686185,6.067635801892224,7.0253539848007165
6.7600922050548595,7.378033062215104,7.366479288544764,8.602985008332002,3.9510664331991987
6.971475688145967,7.841008495979709,4.962281278691905,8.700698781651575,7.817915978079601
5.496205953043287,3.8585074125010475,1.3361238741391617,6.695255749108026,6.391875796850784
6.972230296011415,3.3352888537915426,5.016759993145531,9.170958360077194,5.4460842911306955
6.567012041619792,5.942831112772808,6.705247209724583,7.199944182481257,6.215082701013377
7.484077840507134,3.8955539114380575,3.337959176206568,7.846432355135828,3.33564715065252
5.759153584671516,6.265863635511021,6.33004785560248,7.812386206525465,6.612979217221007
7.779019771361758,5.405846041702599,5.972442271488608,7.3388295102353425,4.455942737726893
9.299108369503866,1.9685117700055361,7.042724699281959,8.472969927791738,3.9709945712346983
6.8368597773147135,8.095010402660122,6.215244663145476,8.452186464662656,3.716461220673163
7.602567583148412,8.591755346191043,4.2484759064132,5.401761632114184,7.669032562484888
8.03521598756667,3.7744226190312276,8.153828702996083,9.065208291453782,5.056104909460817
6.398169292171246,4.224596880128032,5.714646768551454,5.505009614357191,8.300591564874749
7.336138722715625,5.57173078144981,5.950851828882123,8.739055445209988,5.196297805421553
7.0188886011726925,5.66891357997405,4.320117673668247,8.8520461641931,3.43896306361058
7.146514147823248,6.317088545345661,5.202091947855282,6.190840283741762,4.325213340077012
5.8404853242168,9.0204090775327,4.407355114751578,7.007022854454498,7.853717430010408
7.036765261388414,4.646105545011901,5.688697092137838,6.1731543978168775,5.766152733094999
7.746997436868175,3.4034055109230925,9.081075264256219,7.242094763653518,5.177569055264098
9.176715411692562,2.2413615439709456,3.5305779427235584,7.130358858977111,6.240027338779181
8.43890623912781,3.538139920116162,3.095589483821866,8.435592638723207,6.752674104251318
10.0,4.933746054252405,8.648106589488496,9.072370495343531,7.676098223853691
5.848978655667926,8.589115727035576,5.623217381126641,9.174820572947947,8.17274884483939
8.308480955081016,3.964777401927657,4.79566907041215,6.825398368106038,5.460347031316371
7.2750130086075275,5.447575903277797,7.871828437312938,7.248933751506566,4.010928470876943
10.0,4.967154207854496,4.909892028473644,5.47987416933486,5.379802258315086
5.787552571967273,7.376786546896168,9.286817484384486,6.532955920204573,6.3904207598743294
5.740417236728836,10.0,7.220266568410684,8.65782195971695,4.554361610684084
6.1009110318339665,3.938262454159359,5.121759465337735,9.438699388257877,4.564273627657435
3.8141564135352897,4.021121114963556,9.883154783877906,6.018781353744093,6.5156818223248285
6.211367467478858,7.0883217541381445,4.909713138593991,6.789042889016527,5.9270214726443236
5.861301007669454,6.363782979252623,7.3357716696167525,7.4683130916492875,6.04919549311738
7.225590679714312,8.693414651472068,6.538726644731685,7.836193390583528,4.8622569979498955
7.512633963665739,6.167856370651927,8.343134320917837,6.528475776094025,5.654398928691349
9.814256258823828,4.281415818425881,8.810720154108335,8.008873253356908,4.6136502835975435
8.425635757279075,6.181309661384619,6.05760746831838,6.931392783514901,7.33529761668718
6.134644516506396,7.2174071611658155,4.64384783337687,7.482657274946065,7.552874002085629
5.652377992977463,6.640964362394728,6.82794985729041,8.15554109760444,3.2307182066428592
7.737878757259758,6.014548062214596,4.780112334446208,7.507706723773126,4.6057337097113855
5.019650189469036,7.133349379178307,9.624097045547922,6.976336931368118,3.7552061173648816
9.74718814878153,7.3385911808913455,6.245763595948928,7.368468235289003,5.024964098389653
8.769160181081931,7.764317982075054,5.342421207638204,7.393964448953597,5.874843045314459
6.296236521842943,6.297419775179286,6.332424550556835,7.055986764141447,3.8255321704522047
4.430298206363684,4.665763839366291,3.5751726788465463,7.189444724799477,4.6172102803120305
9.030808561248119,5.293427372866645,4.251094730680827,9.41837660460566,4.494063941877752
6.828190232121073,7.413017933016714,8.160745034299966,8.173103337529486,6.310900994098416
8.856724467960193,3.366128658025528,4.8175902978514875,7.145423618365007,6.104016505554376
4.608358511808449,5.737346617745803,4.115560231172509,8.336345285412882,4.91739366999412
6.1009374655693405,4.213322375345278,6.965974954549115,7.099416612292788,6.265231308209097
7.007865549577275,5.057489645869635,8.134267478393394,8.90774956510397,5.179979873119102
7.070470890647113,7.556903725214598,7.29411595919712,7.943570630637713,5.59251733451092
6.324901792781135,5.382198136039807,7.79288583445047,7.3712374271949255,8.510178135447806
7.934274898521248,5.092873096312298,4.637768840574971,8.037260310972332,8.010691577685522
5.398569355926108,2.2802877180401615,3.440740799864681,5.6149486175178005,4.050628144608604
6.7864307724680595,6.492507132054442,8.702400573519876,6.1478790373082335,7.244598626818762
7.180443447567848,6.29096836228215,5.419176290084156,6.067289992321133,7.217094831737388
7.771658251088123,9.32650944661092,5.548500570380915,7.6715317137164485,4.277605066871073
8.067422317133335,4.384443530093998,8.390749455328304,9.57901799938211,7.228166465632291
5.313036862243196,5.438300655327878,7.001214016921188,10.0,8.30689787761883
4.698828743896566,5.498767367421511,6.820597989746894,8.265661321728908,4.316182790633379
8.916515232847765,8.15490655952695,9.897004220821952,8.101013369933348,4.623745768478605
7.498471017969387,4.809408935226096,4.8416671853157425,5.338730719016713,7.5264922002652535
5.87727019516517,5.558043051540679,7.670112230546227,6.848791440319174,6.4072429662384724
9.326727963283783,6.215793019433079,6.102623624814752,6.554659497710113,6.827214412859285
7.173511951439288,5.3732182463127165,6.483466101953862,6.754982882098661,6.510883824600745
8.76894577609574,4.107132770898944,8.751243167542558,7.298227417698253,6.586043881392216
7.101277722115164,5.388179985796615,6.914104361321323,6.933491306763447,4.010291807533376
10.0,7.1472634997195446,6.96893294228934,5.124840227549055,7.570976559932173
9.633011263664807,2.9469694011778795,7.930513207157644,8.397492307341041,7.75438498864166
6.62655377728139,5.265939348293752,5.343085086822806,6.2127083691122325,5.655913883897958
8.457356426431533,3.599758370121654,4.489422598789789,7.78709623693338,5.934784575279206
7.968063924377722,7.390093257849685,4.119343450762139,9.988899203699969,3.7033387461664167
9.052947336298523,1.9536261904324506,2.4605581391231968,6.396738490096292,6.771382134026752
5.552614809129843,3.8821563054568236,9.70117283389258,4.463654972704404,6.858086162571216
8.02907718999766,5.754423750129042,4.01422494170097,7.156794933743867,5.906713474501034
8.587636730274381,8.13104805846868,5.60174347754561,8.821151561998285,7.6865300398057546
4.361890770365329,4.868499477854025,5.501736060199943,9.850016945064713,5.498884153530089
5.225112231001337,3.8896009466136032,6.553332056056381,6.0245404866570995,6.8469088888404
3.941151733359849,8.76231413888118,7.468326982570734,8.096039067883826,4.470503491961827
6.595889748333163,2.103972199167512,7.548852279047542,6.941627451863936,5.964671773688643
8.076313383693943,0.6023880867598361,4.950460610575911,7.372861974835037,5.738468613145746
9.253535578144042,5.880028900106665,5.699180915184459,10.0,6.337961883061412
7.1111421706296625,3.9958915512947777,6.50864391087894,5.696435605925816,5.445709606749962
9.442923318356938,2.9575343657385735,5.5523559728696155,7.804487593793488,5.802791106492498
4.929847812677663,6.416712894598707,8.893222036835986,8.06123180611852,7.23907075716226
4.4449263409672675,5.487601427542398,6.883754912948852,8.802943589927217,5.344853644142674
6.916678451655072,3.871842738526543,7.322780014889672,7.617579784165074,3.590134348891981
7.576098173408961,2.439391202658211,7.193186283601343,7.869660647404923,8.62437585630813
6.95095787785886,6.744914656560289,8.112252943473585,7.030021719093851,8.07218111803573
3.898836849940185,6.300402355917322,6.325838805666672,7.822952329494129,4.0616059573415715
6.8663199407308175,4.801648272441234,3.665702493679476,7.0881692694031075,7.034561707867791
5.04329574924272,8.693273992095332,6.719438313154755,8.245886267827261,5.245537844172985
8.004508823245057,2.859830467347695,4.827557591174708,7.056467596747639,6.39523082299659
7.549897369145272,1.9489496581505223,5.0484899728504375,7.9525204726826235,6.4413361935202404
5.590180320508967,3.616183860237511,7.055455233759168,7.464884623578026,5.648388299525517
6.22919962399496,4.908827967289004,8.228909528580544,8.8512603009266,4.824351501620406
5.411179717166572,5.486678898645383,6.038288838124911,7.438327531693816,4.964188421525611
6.905981354090242,4.5175278842873405,6.555899422678134,5.372361038151743,4.6257121267781365
8.432713480751858,5.704110793028594,9.063986900343428,9.01430580085679,4.752266687654333
5.5214109304966845,2.496921151619112,6.433355723079423,6.413121238964857,5.899232564925967
7.756069773276766,7.887529208146519,10.0,6.715480393621416,4.926360016333872
6.204613572441339,4.835697643214862,7.01791736213678,6.785206447147809,7.02307809856893
5.810690751606484,7.234591663176255,2.8306270335195283,9.14932571180498,8.23086923300389
6.839454460068163,5.685450692755408,7.356014917988158,4.937190943225565,5.129920137944936
5.447136516370939,5.913506438307568,6.686085092789,10.0,6.359106750803066
6.169526041979227,6.139534560464408,8.321554957348942,8.767268170879262,6.7495276654544005
5.203183161116727,5.8954171200346295,7.211726432285925,7.767886696954991,6.708003406378912
9.947087699374585,6.285445519735088,5.750779228829207,7.434127199260456,6.113932901874131
7.052895327957593,7.658305060264863,3.7962631746791415,7.842664889829188,7.114023627539583
5.950411738011121,5.39304233940294,5.623758136885154,8.125346914055205,6.7233734290209854
7.320969866101333,6.418007515177025,4.46906318242326,8.274258703140069,4.143506366509053
6.831507925463756,4.820528611425546,4.955057790351499,8.166725359204138,7.303734096583909
6.668545600700165,7.880234430898946,7.059441127957097,7.6074968175062985,7.330936255900113
7.9212500500651375,3.6472153958814606,9.005828107832532,7.2631938956312085,4.855070843732127
8.136261565070958,8.60188086582163,6.710408753681366,7.318472059615786,6.056906753171403
6.204248278584209,4.919684098711313,3.847410488336668,7.266110063576782,7.024993489216604
6.13627263903298,2.1384497957639037,6.800284802796253,8.860524116240477,5.686029270630957
6.587422454272534,5.2562088298215786,8.153936675962171,8.212268066737034,7.609467071649018
3.547118252896623,3.6378966850502383,4.902390772225112,3.971533638402864,9.54580874192904
4.727213406702171,6.681287097977448,5.758769099988748,8.287080931835714,4.821020951047526
9.050311401166788,3.694752041395218,6.026438750512555,7.73368343366253,3.928433095269338
9.467451570251924,4.107633133570441,4.587183036451968,7.477549492264923,6.455727893407314
6.626445940665432,1.220918538108938,7.166904780918946,7.033777856293337,7.082343757689215
7.864835444583649,4.095387361501847,5.7822933325059935,8.848935263983217,5.653700439232846
7.466875231815304,0.15224134674208667,6.75515839903265,8.63703175454743,8.179890994981552
10.0,1.8321943530285534,4.4025140799562195,6.572546798611669,3.992091300415127
8.679362367151866,6.520829312288595,5.212575059417861,7.988462744549442,7.039377934547417
6.80812361277885,6.571600317301664,7.300286444089989,6.334011918550457,5.09120876886166
5.566689339099361,5.85091512356993,5.32890032623482,5.844458202253284,8.579066859310945
4.590330519613641,3.066047713741574,9.10853493222013,6.747939330492041,8.988773029752178
7.305195453800835,4.90457728771604,5.280654865893716,8.53487216685931,4.850015118324978
5.865473882073545,4.992794921818863,6.404432506353395,8.643750054451305,5.17566429613713
4.866619435603489,2.6832706216149145,7.678663497371562,8.11570250411675,7.2893818304697025
6.03014067363621,8.006796603534301,3.446941680720543,8.370114944217596,5.4193040253157285
5.3776779945784074,6.7547245811513426,2.8305441384346035,8.11941394453795,5.931883173101642
9.530712452608848,4.558071652340672,3.2538186337738293,6.730222085732457,6.038082630813615
8.322459635424176,5.053771677989062,8.272651386168928,8.018307053608728,3.1204902657035154
6.988041038025074,5.416765615895105,5.006655337393596,8.460491430273219,5.9792433808586445
9.21991620833504,0.9165302631514187,10.0,8.405149595776289,4.965408338903739
7.116052461471427,4.5056452349588065,4.9843543224167,8.926696045769571,5.260315766400342
5.708073698007604,3.6360315040044027,6.332192345754667,8.349964616641277,8.16544800520322
9.284686115904485,2.996759980210169,8.775797914622176,7.921737849049899,4.115239658581116
7.8083650655269885,4.43779941422809,9.61096719868642,8.784180285979712,7.2198077801219664
5.444130768510315,8.595373053699046,9.710706437945516,7.468174488901128,5.581555604502287
6.714491982874588,6.28168572253402,8.175059215067655,6.4417504185267385,5.5803597472562485
5.686572619922864,3.8576420204344064,7.843312546460632,7.304319643267483,7.185557844077567
4.925800403553496,6.145165562712317,7.066548508562129,6.606116826232261,6.5100769418533355
