Math_Score,Science_Score,Logical_Thinking,Problem_Solving_Skills,Programming_Knowledge,Coding_Experience,Tech_Exposure,Interest_in_Tech,Participation_in_Coding_Clubs,Participation_in_Science_Fairs,STEM_Activities,Attention_to_Detail,Project_Work_Experience,Communication_Skills,Time_Management,Adaptability,Digital_Literacy,Suitability_Score
90,65,3,1,3,4,3,3,6,5,8,5,15,2,3,5,2,70.98
64,50,1,1,2,9,3,3,10,3,4,4,2,3,4,4,2,54.45
98,60,2,2,2,4,4,1,5,5,2,3,16,3,3,3,4,61.17
72,53,2,4,4,2,1,2,8,3,4,5,5,4,2,2,5,52.57
85,43,1,1,1,9,3,1,7,4,1,1,16,5,1,5,3,62.07
41,41,1,5,1,8,4,1,2,4,3,5,8,5,3,3,4,60.76
62,47,4,5,2,9,5,4,1,3,3,4,9,4,4,2,5,72.67
62,86,4,4,3,7,5,2,10,3,6,2,10,3,4,3,1,72.31
83,51,2,5,1,5,2,4,10,2,8,4,16,1,4,5,2,74.71
74,56,4,1,1,7,4,3,9,1,0,1,3,4,3,3,2,45.19
87,59,3,3,3,10,4,5,9,0,0,2,3,1,1,1,2,48.13
53,82,3,2,5,10,1,4,4,2,6,4,6,5,3,2,3,66.36
97,96,2,1,2,10,1,4,1,0,6,4,1,1,4,4,4,45.51
44,55,2,3,4,0,4,4,4,0,4,4,20,3,4,2,3,64.09
95,43,3,2,1,6,3,4,6,2,1,3,17,1,5,1,3,60.51
63,48,1,5,3,8,5,1,8,3,3,5,12,1,1,5,2,66.94
71,59,2,4,2,1,3,3,4,5,1,1,16,2,1,2,4,49.95
40,86,4,3,4,8,1,3,0,3,0,1,4,3,5,2,1,43.89
51,66,1,5,1,5,5,2,2,4,2,2,4,2,4,2,5,44.71
91,69,3,4,3,7,3,1,8,5,4,4,12,4,5,4,2,75.8
91,72,5,1,4,8,2,2,8,3,5,5,18,4,3,3,3,83.31
66,90,3,2,4,9,2,5,6,5,3,1,11,5,4,2,5,74.8
47,54,5,5,2,3,4,2,1,4,1,4,3,2,2,5,5,48.86
61,50,2,2,3,0,3,4,2,2,2,5,19,2,4,5,4,61.18
45,81,2,3,3,0,2,5,8,2,0,5,14,4,5,2,5,62.51
66,69,1,3,5,8,3,1,10,0,7,2,18,1,2,3,2,70.38
62,89,3,5,2,4,2,2,8,0,6,2,5,4,3,1,3,50.0
56,88,4,1,2,0,1,5,5,2,1,4,1,2,2,3,2,28.55
47,47,1,1,5,3,1,3,7,2,7,2,6,1,3,3,4,44.68
93,81,5,4,2,6,1,4,2,1,8,4,20,2,5,3,5,81.46
41,69,5,5,4,7,3,3,7,4,4,3,11,5,4,1,5,80.21
44,40,3,3,4,7,3,5,0,5,8,3,7,5,5,4,2,69.59
78,67,2,1,2,7,5,3,7,1,4,5,3,1,4,4,5,54.25
99,60,2,3,5,5,4,1,1,5,8,5,5,1,5,4,4,60.17
88,62,3,1,2,10,5,2,0,0,6,5,16,4,4,4,3,73.61
52,57,5,3,1,2,1,5,5,1,3,5,20,4,4,5,4,74.39
65,62,4,1,2,3,2,3,5,4,3,4,18,1,4,1,3,58.73
93,84,4,4,2,5,4,4,1,0,4,1,15,3,3,3,3,61.51
92,87,1,1,1,4,1,2,1,4,6,3,14,5,3,5,5,57.48
99,68,3,1,4,10,3,3,9,4,6,4,13,3,2,3,5,80.64
67,95,3,5,2,4,3,1,8,3,2,5,20,1,1,5,3,71.17
70,71,5,1,4,7,3,4,10,4,3,2,5,3,2,4,3,63.01
58,48,4,1,1,8,2,1,3,1,5,3,12,1,5,5,4,58.06
70,95,3,1,3,3,2,4,0,4,6,2,15,5,5,4,4,65.45
55,44,4,1,2,6,2,1,8,1,4,4,1,2,4,5,1,43.04
92,58,5,4,1,0,1,5,7,5,2,1,13,3,1,5,5,59.03
67,84,5,3,4,1,1,2,3,4,8,5,18,1,2,1,2,61.84
90,69,5,4,1,7,3,4,9,5,7,4,15,3,2,4,3,83.58
68,66,2,4,1,8,4,5,10,4,5,3,4,4,2,4,3,65.95
89,42,1,5,2,1,2,2,4,0,8,4,14,3,3,3,2,53.63
76,46,4,5,5,2,4,3,0,4,0,2,13,4,5,2,2,60.3
88,65,5,2,5,9,4,4,8,2,4,4,17,2,4,5,5,92.3
88,77,1,2,4,0,1,5,0,3,6,5,7,5,4,1,2,44.38
97,95,5,5,4,6,3,1,1,0,4,3,3,5,3,5,4,58.7
83,87,5,3,2,8,4,5,3,3,3,3,4,2,1,3,2,53.97
51,41,1,1,1,1,4,5,4,0,8,1,13,5,5,5,1,53.44
65,99,2,2,3,10,2,2,4,5,0,3,11,4,5,4,4,67.83
62,42,3,5,4,6,3,3,2,2,2,1,19,4,4,5,2,73.6
64,45,1,1,4,10,1,5,8,1,0,5,13,2,3,2,1,60.46
43,73,1,4,5,10,5,3,8,2,5,5,12,3,5,4,2,83.35
61,89,4,4,3,3,1,2,8,2,1,2,11,4,1,2,1,49.64
48,94,4,4,4,1,4,5,5,1,0,1,10,2,3,2,3,50.23
83,63,2,5,2,2,4,2,3,2,2,5,13,1,3,1,4,51.53
92,58,4,5,1,0,5,4,6,1,4,5,16,1,4,4,5,68.85
96,43,4,1,1,2,5,4,9,0,1,3,5,2,1,4,4,42.9
80,76,2,4,3,10,2,2,1,4,0,1,20,2,5,3,2,69.0
90,94,2,3,5,6,1,1,8,4,7,4,10,4,1,4,1,64.35
93,56,2,1,4,8,2,5,9,5,3,3,7,3,3,4,3,65.11
99,73,1,2,3,0,4,1,6,3,8,4,11,2,1,2,5,49.89
44,64,1,5,1,5,3,5,1,1,4,2,7,2,5,3,1,45.26
84,57,1,1,2,4,1,1,2,4,1,1,12,4,3,3,1,37.89
65,61,5,2,5,2,5,3,3,3,1,3,18,3,1,2,4,65.15
40,57,1,1,5,3,1,5,0,4,3,3,3,2,2,3,5,37.3
58,81,1,5,1,6,5,3,7,0,8,2,16,3,3,4,4,73.19
44,82,1,2,3,7,3,4,4,5,0,4,6,2,3,4,1,48.96
56,50,5,3,3,4,1,2,7,4,2,4,15,2,2,5,5,68.23
71,85,1,5,5,5,5,3,6,5,7,5,15,5,4,3,5,89.02
67,73,2,3,2,8,3,2,9,4,0,5,13,5,3,1,1,65.72
92,58,2,5,3,10,5,3,7,3,7,5,13,4,1,4,3,84.78
42,59,1,5,5,2,2,1,4,1,3,5,11,2,2,1,2,46.17
90,40,1,2,1,9,4,2,5,4,8,1,11,2,3,3,4,61.07
41,99,2,4,1,7,1,3,4,0,6,3,15,4,5,5,5,71.57
58,93,5,1,3,6,1,3,6,4,0,4,10,4,4,1,1,55.77
59,59,4,5,4,9,5,3,6,0,7,4,11,2,5,2,4,80.28
46,74,2,5,1,10,3,2,5,0,3,5,4,4,3,4,3,58.34
71,63,4,4,3,6,3,4,8,5,6,5,5,1,4,1,1,61.54
79,40,5,1,3,2,3,2,0,1,1,4,12,3,2,3,3,45.33
87,89,4,2,1,8,1,2,7,2,7,4,6,4,5,1,4,60.84
91,92,2,4,2,10,1,5,0,1,1,5,12,2,1,5,2,59.25
50,92,2,5,3,9,3,2,8,2,6,5,14,4,1,2,1,73.94
57,79,5,5,1,7,5,1,0,0,4,1,7,1,4,4,5,53.49
92,49,2,4,4,8,1,1,6,1,8,3,1,2,2,5,5,54.13
64,80,1,1,2,0,4,1,1,4,7,1,2,3,5,2,4,30.56
97,95,3,4,4,6,4,5,0,0,5,2,4,2,4,3,5,55.32
86,68,5,3,3,1,4,2,0,3,8,4,13,3,3,5,2,62.16
83,51,1,2,1,2,3,5,8,1,5,2,4,5,1,1,4,40.49
98,51,5,2,3,5,1,4,3,2,8,5,16,5,4,1,1,71.19
68,55,5,4,4,6,3,4,9,3,8,5,19,1,5,4,4,94.23
48,56,1,3,1,3,5,2,10,3,7,2,0,5,5,2,2,46.88
83,48,3,4,3,3,1,3,7,0,1,3,5,1,4,5,2,43.49
57,56,4,2,5,9,1,2,9,2,6,3,6,4,5,4,1,68.01
76,58,4,2,4,7,4,4,9,0,7,2,0,1,4,4,5,58.47
41,95,2,2,4,5,1,4,1,5,5,1,2,1,2,4,3,38.63
78,45,4,3,1,3,5,5,8,1,5,3,16,4,2,4,3,71.49
49,93,4,3,3,7,5,5,9,2,4,4,15,2,5,2,4,82.42
43,47,1,4,4,0,2,5,3,2,5,5,6,2,4,5,3,49.37
79,65,5,2,3,3,5,1,9,2,4,3,2,1,1,2,2,41.35
66,57,1,2,4,10,1,3,10,5,1,5,14,3,2,2,5,73.91
40,99,5,1,1,0,4,2,9,0,3,4,3,4,2,1,1,34.62
93,56,1,2,1,5,2,5,8,5,4,1,10,3,4,3,1,53.58
88,77,5,3,5,0,1,4,10,4,0,5,10,3,2,1,4,58.96
99,41,2,5,5,10,3,5,1,3,2,1,7,5,1,2,3,62.22
58,69,4,4,3,2,2,5,2,0,5,4,9,4,4,1,2,52.99
56,56,5,3,3,7,5,1,1,5,3,3,18,4,2,3,4,75.45
43,50,1,5,4,3,1,5,6,3,6,2,12,4,1,2,2,57.89
43,44,5,1,5,0,3,4,1,4,1,3,13,5,1,4,1,52.36
78,78,1,5,3,0,1,4,8,0,0,5,10,1,2,4,2,43.93
92,49,1,3,3,5,2,5,4,1,3,2,10,4,5,3,3,56.5
82,66,1,5,3,5,3,3,6,0,8,3,2,4,4,2,5,55.3
73,72,1,4,2,3,4,5,10,3,7,3,1,3,3,1,2,48.84
51,61,5,2,5,0,2,5,10,0,0,4,19,5,5,5,5,80.21
67,84,5,3,3,6,2,3,6,3,3,4,10,4,5,3,2,67.94
74,56,1,5,2,5,2,4,0,5,8,2,8,2,1,5,1,50.28
76,95,1,4,5,3,1,1,8,4,0,2,0,1,2,2,1,29.28
76,63,4,1,2,2,4,1,0,1,3,3,3,4,1,2,1,27.04
99,46,3,1,3,1,3,3,0,5,3,2,18,5,3,1,3,55.53
71,88,5,2,2,3,3,1,5,2,2,5,4,2,4,5,2,46.37
80,65,3,1,4,0,5,3,5,1,1,5,15,2,4,3,1,53.56
60,62,5,4,1,5,1,4,0,5,6,1,4,5,4,2,2,49.85
48,94,4,3,5,9,2,2,5,4,1,2,7,1,5,4,5,64.8
65,88,1,5,3,6,3,5,10,2,3,2,0,2,1,2,1,43.92
96,83,3,1,4,2,4,5,5,0,8,2,15,1,1,3,5,60.52
88,54,4,4,4,9,2,2,10,1,3,5,15,1,2,4,1,74.15
43,76,4,1,4,2,4,1,6,3,6,1,20,3,3,3,4,68.16
91,41,3,3,4,5,4,4,2,2,8,1,20,4,1,4,1,72.28
78,81,5,1,4,3,1,1,8,0,8,4,14,2,5,4,4,67.36
54,88,2,4,4,9,2,2,6,5,5,5,12,3,1,3,3,72.24
59,65,4,3,1,9,5,2,8,1,3,1,16,5,5,1,5,77.34
77,62,3,4,4,10,2,3,0,2,3,5,12,4,4,3,2,70.07
83,92,3,2,2,1,1,2,2,0,4,4,3,4,2,4,2,32.03
90,90,3,3,5,2,4,1,2,2,8,2,2,2,2,1,3,39.21
71,63,5,2,3,4,4,2,2,5,1,5,17,1,5,5,1,66.96
62,84,3,5,3,9,5,2,2,3,2,1,15,1,1,4,1,62.79
45,88,2,3,1,5,1,3,8,5,3,5,20,3,1,1,1,63.98
49,97,2,5,5,2,5,3,3,1,0,1,9,1,3,4,4,49.62
80,98,2,4,3,5,4,5,3,3,4,2,15,2,1,3,1,60.56
47,86,5,3,1,1,1,5,6,2,2,3,0,5,2,2,4,39.24
98,79,5,5,1,3,3,2,2,1,5,3,6,4,3,3,1,48.28
45,65,3,4,3,0,3,2,0,1,7,3,4,4,3,1,3,37.84
72,88,5,1,5,2,2,3,2,5,4,2,18,5,4,3,5,72.82
84,86,2,1,4,3,5,3,9,3,7,1,18,1,3,4,2,67.86
79,98,2,4,5,1,4,2,5,3,7,2,8,5,1,4,1,55.12
42,96,2,5,3,6,5,3,5,4,8,1,8,4,2,5,1,65.77
99,54,4,1,5,3,3,5,2,2,8,2,20,5,5,2,2,76.34
98,64,3,2,5,8,3,2,5,4,1,2,0,2,1,5,2,45.32
57,65,3,1,4,10,2,1,7,4,7,5,19,2,4,5,2,84.09
99,76,2,3,1,1,2,1,4,0,0,3,0,4,1,5,4,25.54
89,92,3,2,4,6,5,3,1,5,8,3,9,4,2,2,3,64.31
53,43,3,4,2,10,3,2,9,2,2,5,16,1,5,4,2,77.22
92,71,2,2,5,9,5,1,8,3,6,1,11,4,5,2,2,72.12
68,89,3,4,3,7,3,3,6,3,7,4,12,2,2,4,5,74.14
92,92,3,3,1,6,3,1,9,5,3,1,20,5,5,1,4,76.55
41,53,4,3,3,7,2,2,6,3,0,3,14,2,5,5,3,67.4
88,71,3,5,5,5,2,4,6,2,6,5,14,1,2,3,3,72.07
55,60,2,1,1,7,3,1,6,1,5,2,20,3,3,5,3,66.35
72,72,3,1,1,8,3,3,10,4,1,1,3,4,3,1,3,47.81
87,49,4,5,4,4,1,2,7,3,2,1,8,2,5,5,2,57.45
65,51,4,5,5,9,4,2,10,0,6,1,14,3,2,5,5,85.31
42,54,5,1,4,7,5,3,8,0,6,4,2,2,1,4,2,54.89
98,48,3,2,3,8,2,4,3,4,1,2,12,5,5,2,4,66.39
42,79,2,5,3,5,3,2,1,3,1,2,12,2,2,5,1,50.91
81,76,3,5,1,4,5,4,8,4,8,2,16,5,2,5,1,79.18
92,61,4,1,1,4,1,4,7,5,3,2,15,4,5,1,2,60.43
48,53,3,4,5,0,4,1,3,4,8,3,15,1,5,2,2,60.72
82,48,4,5,4,5,5,4,2,2,0,4,11,4,4,2,5,69.23
63,78,4,3,1,4,5,5,0,2,7,3,5,2,1,4,2,47.45
91,43,1,3,3,1,1,1,9,0,2,4,17,5,4,5,1,58.42
88,69,3,5,4,5,2,3,4,4,1,2,9,4,4,5,5,66.27
66,63,4,2,2,3,2,1,7,2,3,5,9,4,1,4,5,54.69
85,57,3,3,2,7,1,4,9,0,8,4,20,4,1,5,1,78.91
74,50,5,1,2,10,2,5,6,5,0,5,10,1,3,2,1,61.7
49,60,2,4,4,9,2,4,9,5,1,2,20,5,3,1,5,86.26
87,94,4,2,2,3,4,4,2,1,0,2,0,2,2,3,3,30.77
97,65,4,4,3,7,4,5,8,2,2,1,5,2,5,3,3,62.26
40,73,2,4,3,1,2,4,2,5,6,3,16,4,3,5,4,67.39
72,65,5,5,1,7,3,3,4,1,4,5,2,3,4,2,5,57.86
48,43,1,1,5,0,2,4,8,4,3,3,7,5,1,1,2,42.59
95,53,3,4,4,3,2,2,5,1,7,1,10,3,2,4,1,52.54
84,52,4,1,5,5,4,1,6,3,1,5,9,4,4,5,5,67.63
46,77,3,3,3,2,1,3,3,0,4,3,16,5,4,5,1,59.4
40,83,2,3,1,7,1,5,10,4,1,2,14,1,3,5,3,64.17
66,40,5,1,1,1,3,5,9,2,8,2,4,3,2,1,2,43.8
51,91,1,2,4,6,5,2,9,4,8,1,4,2,2,4,3,55.98
71,86,5,4,3,6,4,3,2,0,5,2,20,4,5,4,1,78.19
83,45,1,1,5,2,1,3,2,0,4,2,16,3,4,5,1,50.21
61,66,2,4,5,9,5,4,10,2,7,5,9,5,3,5,1,85.51
62,51,3,2,4,7,4,4,1,0,2,3,5,5,1,5,4,54.1
96,83,2,2,3,7,2,3,1,1,2,2,11,3,1,5,5,53.4
91,49,4,2,1,4,4,2,7,3,0,5,20,4,1,5,5,73.09
75,50,2,4,1,7,2,5,10,1,5,3,8,2,2,3,2,57.64
72,53,1,2,4,5,5,5,1,1,1,1,13,5,4,5,4,62.4
99,56,1,5,4,2,4,4,8,1,1,1,14,3,2,1,3,55.7
97,48,5,1,1,5,5,5,0,0,6,3,6,3,3,4,4,52.83
52,60,4,1,2,10,3,3,7,4,6,5,15,3,1,3,4,77.49
52,74,4,5,2,6,4,2,6,3,5,3,12,4,5,4,4,76.38
94,41,4,1,1,7,1,3,6,2,2,5,12,4,3,4,2,60.12
86,85,3,4,5,7,2,2,9,3,2,5,5,4,4,3,2,65.5
56,53,4,2,1,3,4,1,9,4,2,4,8,4,3,1,3,51.68
89,62,1,5,2,6,4,4,2,1,2,5,15,2,3,3,2,61.76
70,92,5,3,1,6,5,3,1,3,5,2,15,1,5,2,1,62.02
92,56,1,2,4,2,5,5,1,5,8,5,14,1,5,4,3,67.46
78,88,1,3,1,7,2,5,6,2,7,1,18,1,3,3,1,63.07
87,73,5,2,5,5,2,3,2,5,4,4,3,1,3,5,2,52.44
93,79,1,5,2,6,1,4,0,4,4,4,10,3,3,3,1,53.3
63,43,1,4,3,5,1,5,2,2,7,5,4,4,5,3,3,55.33
89,73,3,4,5,6,4,1,4,3,5,2,1,4,1,2,3,49.41
76,57,1,3,2,1,2,1,8,0,4,5,8,4,3,5,1,45.24
80,45,5,2,4,3,5,2,8,1,1,5,18,1,3,5,5,74.23
47,57,2,5,4,4,3,1,10,2,6,4,1,2,2,4,5,54.33
76,95,5,2,5,1,2,2,10,3,2,1,17,2,4,1,4,63.84
55,79,2,2,2,5,1,1,4,5,8,1,1,1,2,4,3,35.84
88,73,2,4,5,4,3,2,10,5,7,1,18,5,3,3,1,79.22
44,83,2,2,3,6,4,5,7,0,2,4,5,5,5,5,5,64.9
42,72,3,4,2,7,3,4,2,0,1,1,14,2,1,4,2,53.16
47,54,5,3,2,5,2,3,5,4,6,1,16,2,1,3,4,64.79
68,70,1,3,4,10,4,5,9,3,3,5,12,5,2,2,1,76.86
78,46,3,1,1,4,2,4,6,3,2,1,14,4,5,3,3,56.94
44,44,4,4,4,1,3,4,3,4,3,2,15,2,2,4,2,58.82
67,98,4,5,2,7,5,4,9,5,2,3,12,2,4,5,5,82.75
76,82,3,1,3,7,3,5,4,1,1,4,20,1,2,5,3,69.38
99,53,5,5,5,2,3,5,0,0,0,3,12,5,5,2,2,61.41
52,57,1,2,1,7,3,1,9,0,5,5,13,3,2,3,4,60.16
65,81,2,5,1,4,3,1,7,1,0,4,13,2,3,3,5,56.0
51,62,5,4,3,7,5,5,7,3,6,1,15,2,3,2,1,75.48
83,78,5,3,4,10,3,2,8,3,5,2,18,3,3,3,3,85.67
97,50,2,4,4,7,1,1,5,2,8,4,7,3,4,3,4,62.35
42,87,4,5,1,5,2,4,2,3,7,2,13,4,2,1,2,60.2
73,98,2,1,5,8,4,2,3,1,3,4,1,2,5,4,5,52.67
78,64,3,5,4,9,3,2,8,2,6,2,2,4,1,2,1,56.91
70,74,4,3,5,5,4,5,5,0,0,5,2,2,2,5,5,55.95
54,47,4,3,1,8,4,4,3,0,8,3,6,2,1,5,4,58.33
67,86,5,1,5,6,3,5,6,3,8,3,19,1,1,5,1,78.82
54,48,3,5,1,4,2,4,7,0,4,5,5,4,1,1,2,47.16
81,73,1,1,5,8,5,4,6,0,5,3,7,3,2,2,2,56.42
68,41,3,3,4,0,4,4,9,1,0,2,15,5,2,5,3,63.16
86,81,2,4,2,6,2,2,10,3,0,3,11,4,2,2,5,61.37
87,68,4,1,4,6,3,5,0,5,8,2,3,1,1,1,1,42.86
56,87,5,4,5,7,5,2,5,5,8,1,19,1,3,5,5,90.54
93,55,5,5,3,9,5,5,1,4,1,2,11,2,1,1,1,62.72
50,53,4,3,5,1,2,5,10,2,3,3,6,3,4,4,3,59.05
41,62,5,1,1,7,2,2,0,0,0,3,0,1,3,1,3,24.52
40,69,5,3,5,1,4,4,6,0,2,2,16,1,1,5,5,63.93
48,50,3,4,1,4,2,2,5,3,7,2,19,2,4,3,5,69.14
71,46,5,4,2,3,1,5,2,0,0,4,15,5,5,4,1,61.93
95,91,5,3,1,7,2,1,6,0,7,3,9,3,4,1,2,56.58
78,99,5,3,2,6,4,4,0,0,2,2,17,1,4,3,2,60.89
62,96,3,3,2,5,3,3,4,3,0,1,2,1,3,5,2,37.58
66,78,1,4,2,3,3,4,6,4,2,5,18,2,1,5,3,66.13
59,83,4,4,1,3,2,1,7,5,0,4,15,4,3,4,5,66.12
47,65,3,4,1,2,4,4,1,0,3,4,20,1,5,5,3,63.96
80,97,5,4,5,0,1,3,7,1,8,5,16,4,3,5,1,74.1
70,57,4,4,1,2,3,4,0,0,5,5,11,4,2,3,3,52.95
87,42,1,3,3,8,2,2,1,3,1,1,17,2,5,5,4,63.09
41,50,1,4,1,7,3,4,5,0,3,5,11,4,5,5,1,62.94
74,84,2,2,2,2,1,4,1,0,0,4,14,4,3,3,3,45.67
50,76,5,3,2,9,5,5,10,0,2,4,17,4,2,5,1,84.52
79,93,4,4,3,9,1,5,3,4,8,4,3,4,1,5,5,69.61
64,92,2,1,4,9,1,5,6,3,3,4,15,2,2,4,3,69.73
75,63,2,1,3,4,1,5,4,0,8,1,7,4,4,3,5,51.76
68,79,5,1,4,2,5,1,4,2,1,3,17,4,5,2,4,65.16
68,53,1,4,3,1,4,5,10,4,4,2,0,3,5,1,1,43.37
80,85,3,1,3,1,5,4,1,3,5,2,10,2,1,3,3,45.09
67,90,1,1,3,1,2,2,4,2,2,4,11,5,2,2,1,40.25
91,41,2,3,5,6,3,3,0,4,0,5,8,1,4,4,1,51.27
97,74,1,2,4,5,5,3,5,1,7,1,9,3,5,5,4,63.09
58,93,5,2,5,1,3,3,10,1,6,1,8,3,4,1,3,56.45
68,80,4,3,5,8,5,5,1,5,8,1,15,4,3,5,5,88.55
61,90,4,1,1,7,5,5,3,4,6,5,4,2,3,1,5,57.45
43,96,4,4,4,3,1,5,9,2,3,2,13,3,3,1,5,66.12
68,92,5,3,5,8,5,4,9,0,1,2,15,3,4,5,5,86.05
79,55,4,1,3,3,3,2,5,5,7,5,8,4,3,3,3,59.82
52,74,2,2,5,1,4,3,3,2,7,5,19,3,1,1,5,66.21
90,48,4,2,1,2,3,5,1,1,6,2,18,1,2,5,2,55.78
77,75,3,3,3,6,4,4,0,0,4,5,15,4,3,1,4,65.89
67,80,5,2,4,4,4,1,3,3,2,2,1,1,5,3,2,40.42
88,53,4,5,5,3,4,3,1,5,2,1,6,3,2,3,5,55.16
87,64,2,4,5,5,1,4,1,5,6,1,16,3,3,2,5,68.55
88,59,3,5,1,9,2,3,6,5,0,5,8,4,5,4,5,72.54
96,60,3,1,2,2,5,4,3,5,5,3,13,4,4,2,3,60.47
71,94,1,1,5,10,2,5,3,4,8,5,7,4,1,4,5,71.21
72,84,5,5,4,3,5,4,8,0,6,4,17,1,4,4,1,78.51
85,79,5,1,3,3,1,5,6,1,6,3,13,4,5,3,3,66.06
46,85,1,4,1,8,5,1,9,1,6,4,12,2,4,4,2,67.33
81,79,4,3,1,4,1,5,9,0,5,2,5,4,5,3,3,54.83
59,47,2,2,3,6,3,2,3,1,0,4,0,1,3,4,4,35.01
42,86,2,1,3,6,5,4,9,5,3,5,2,2,5,5,4,62.21
64,54,5,1,5,6,4,4,5,3,8,1,0,3,3,1,1,49.43
44,95,4,4,2,6,5,1,7,3,8,3,12,5,5,5,4,82.05
78,73,5,5,2,7,4,3,0,5,5,1,20,2,1,3,4,75.36
76,84,1,5,5,7,2,4,0,5,1,3,17,1,1,4,1,62.64
83,93,2,1,3,7,4,4,4,5,1,3,20,5,5,4,4,81.52
85,70,5,4,5,3,2,1,3,0,3,4,14,2,2,3,3,58.46
56,88,2,3,3,6,1,3,3,4,8,3,17,3,2,2,5,69.55
60,70,5,2,3,4,1,3,10,3,0,3,2,1,5,3,3,46.26
70,99,2,4,5,2,3,5,10,2,2,4,12,4,2,2,3,66.2
57,41,4,1,3,10,1,2,5,3,3,5,19,4,5,5,1,79.95
69,74,2,3,5,5,3,4,6,5,5,2,6,5,1,1,3,57.97
92,90,3,5,1,7,4,4,5,4,7,3,16,3,4,1,5,79.9
86,78,4,1,2,2,1,4,10,4,7,5,14,4,4,3,1,67.76
97,67,5,3,4,2,5,2,1,1,5,3,4,3,2,5,3,49.42
61,86,1,2,5,5,1,3,7,1,6,5,17,5,5,5,3,78.4
81,46,4,4,3,9,1,1,4,3,5,3,11,2,2,4,2,62.4
86,69,4,1,2,0,3,4,7,5,5,3,3,4,3,4,4,49.3
49,69,4,3,5,2,2,3,0,3,6,1,13,5,3,4,1,58.29
68,44,1,4,2,9,3,2,5,3,7,3,8,4,4,5,1,64.56
74,77,5,1,2,7,2,3,4,1,3,3,18,5,5,5,3,75.71
91,45,5,1,3,5,3,5,10,2,4,2,5,5,4,4,3,64.21
71,98,2,3,3,2,5,4,6,1,8,5,15,3,2,2,2,65.86
62,85,4,5,1,7,3,1,8,4,5,4,20,4,4,1,4,83.81
67,76,3,5,2,5,2,4,4,3,3,5,5,2,2,4,3,53.57
89,90,2,1,1,10,4,4,9,1,7,4,8,4,1,2,3,64.27
51,53,4,5,4,4,4,2,6,0,8,3,6,5,4,1,5,65.5
99,83,4,4,4,8,5,3,1,5,2,1,10,1,2,2,3,60.22
49,96,3,5,4,7,2,4,7,2,5,4,20,5,2,5,2,88.57
53,41,4,5,1,6,2,2,8,0,2,3,15,4,5,4,3,70.07
40,40,5,1,1,1,2,2,5,5,4,4,0,2,3,3,5,36.67
96,80,5,2,1,0,5,1,7,5,5,1,5,1,3,3,5,44.88
48,97,1,5,2,10,3,1,5,0,0,5,2,3,3,4,5,52.65
74,62,1,3,1,10,2,3,7,4,7,5,16,2,2,4,3,75.12
56,69,1,3,4,8,3,5,4,1,0,5,1,1,5,3,3,48.22
64,83,2,4,5,5,1,5,5,2,2,3,14,1,1,4,1,58.05
75,56,2,3,4,0,5,2,5,1,0,3,5,1,2,4,4,37.41
71,64,5,3,1,10,2,3,1,1,0,5,2,5,1,3,4,50.37
93,94,4,3,3,9,5,5,6,3,3,2,10,1,4,5,5,76.25
78,73,1,5,2,1,3,4,5,4,2,4,5,1,4,2,2,41.47
59,77,5,4,3,10,1,1,8,3,8,2,14,2,1,4,3,75.84
75,49,2,3,1,0,2,5,10,4,4,1,18,3,2,5,1,60.0
84,92,2,4,4,0,5,4,7,5,1,5,19,5,1,5,2,75.42
74,47,5,4,2,8,5,4,2,1,0,1,16,4,2,5,3,71.13
54,66,1,1,4,5,3,4,7,4,7,5,17,1,3,4,5,74.57
41,44,1,5,5,6,5,1,4,1,5,3,13,2,5,4,2,66.91
87,77,2,1,1,7,5,1,0,3,2,3,3,4,4,4,1,39.97
53,77,1,5,2,8,5,5,5,2,0,3,0,3,3,2,4,49.67
48,48,2,1,2,5,2,1,2,5,3,5,5,2,5,4,5,47.08
53,54,4,1,3,5,4,5,4,1,7,4,1,1,1,4,2,44.54
66,77,1,3,2,2,1,1,4,4,8,4,7,4,1,2,2,41.71
74,82,1,5,4,4,1,4,4,2,1,4,19,1,4,1,1,59.53
97,89,2,5,3,6,1,3,8,2,5,5,20,1,2,3,3,75.55
65,43,3,2,1,6,1,4,4,1,5,2,18,5,5,2,5,69.25
69,68,4,2,4,6,1,5,9,1,1,4,1,3,3,5,2,52.45
52,78,1,5,2,1,5,2,1,4,7,1,8,4,2,1,5,47.3
40,65,1,2,2,10,2,5,2,3,6,2,15,5,1,5,1,67.25
55,53,2,2,4,7,2,2,1,3,7,2,1,3,1,1,5,40.82
86,44,1,4,4,4,4,4,5,4,5,5,5,2,3,4,1,55.32
63,52,3,4,5,0,3,2,6,1,3,1,7,5,5,4,1,50.4
50,86,3,2,5,2,3,2,4,2,0,5,7,3,4,2,1,44.7
72,62,3,2,5,3,3,3,10,2,0,2,16,4,4,2,5,68.99
72,75,4,5,4,1,3,5,0,3,6,5,16,2,3,2,5,69.89
40,53,2,5,4,0,3,1,2,4,8,5,7,2,4,3,2,50.1
67,54,4,2,1,6,5,2,1,4,0,2,19,2,3,1,2,56.93
69,86,5,4,3,9,4,2,9,4,4,1,9,1,5,5,1,72.07
40,71,5,5,5,1,5,2,4,4,8,5,15,2,5,2,3,77.18
74,87,2,3,3,7,2,4,0,3,8,2,14,4,4,3,4,69.1
85,50,4,5,4,3,2,4,0,0,4,3,16,3,4,3,2,62.86
76,62,4,1,4,7,2,4,7,0,1,3,15,2,1,4,2,61.25
60,60,2,2,5,6,3,2,7,4,2,3,11,1,2,3,3,57.27
92,60,3,1,1,3,2,5,9,1,4,4,6,2,3,3,5,49.91
84,43,3,4,3,10,3,4,1,5,3,4,0,2,5,2,3,55.28
55,42,4,4,1,7,1,5,8,0,0,4,20,4,5,4,1,76.21
64,88,5,2,4,0,4,2,4,0,7,4,3,1,4,4,4,46.28
44,84,4,4,1,0,3,1,5,1,0,4,14,4,3,1,3,47.97
96,56,4,3,4,10,3,2,2,2,2,1,10,5,2,1,1,58.03
81,47,2,5,1,10,1,2,10,0,0,3,12,4,2,4,3,64.45
78,74,3,4,3,6,1,3,9,3,6,4,8,4,5,2,5,70.97
60,97,2,5,5,6,1,4,8,4,1,3,7,5,5,2,3,67.05
80,73,1,3,3,4,2,1,7,2,1,5,5,5,3,1,2,43.87
66,95,2,5,3,10,2,3,9,4,8,4,2,1,1,2,1,58.28
47,41,3,5,3,3,2,3,9,0,8,3,3,2,2,3,5,52.71
89,91,4,1,2,1,4,1,8,3,7,5,19,4,2,4,3,71.41
40,74,4,3,3,9,3,5,7,4,1,4,3,4,4,4,1,64.01
72,94,4,1,4,9,5,4,2,1,2,1,19,5,5,4,1,78.0
46,86,5,3,2,0,3,4,1,1,4,5,0,1,5,3,4,37.87
83,75,1,4,1,10,5,1,2,0,1,2,11,3,2,2,5,54.11
47,50,4,2,4,7,3,5,8,5,6,5,18,4,2,1,2,83.7
67,84,1,5,4,8,1,5,1,0,7,5,5,3,5,5,5,66.58
52,99,1,5,5,3,4,1,10,3,8,1,2,2,4,4,2,53.76
97,65,1,2,2,9,5,5,10,3,4,1,7,1,5,1,5,62.94
90,95,1,2,4,4,5,1,9,0,0,2,0,1,4,2,3,33.87
85,95,1,3,5,0,2,1,10,4,4,5,17,1,3,2,4,62.61
81,67,2,2,2,3,4,5,8,0,5,2,10,5,4,1,2,55.64
88,61,5,4,5,9,3,2,9,5,8,5,11,5,4,4,1,91.21
55,69,5,2,4,5,2,2,8,4,2,2,13,2,3,1,3,60.41
92,73,2,5,4,6,2,1,9,5,2,4,7,1,2,5,1,57.59
57,67,5,2,4,3,2,3,4,3,5,5,18,1,2,1,2,62.77
84,79,2,3,4,7,2,1,5,1,1,1,3,5,4,5,2,48.09
57,90,2,1,5,1,4,4,1,2,2,3,9,4,1,3,4,45.88
51,96,3,5,5,5,3,2,5,4,2,3,12,3,1,2,4,64.2
45,90,3,1,5,3,1,1,1,3,2,4,15,1,1,2,1,42.67
55,66,5,4,4,8,2,2,4,0,6,3,5,5,5,2,5,67.13
88,87,2,4,5,2,4,5,0,5,0,3,10,2,5,2,4,56.41
69,86,2,5,3,10,2,1,6,1,0,5,16,1,5,4,3,72.4
97,72,4,2,5,7,4,5,3,4,2,5,15,5,1,3,4,79.32
92,98,3,5,2,0,3,1,2,5,0,4,13,3,5,3,3,53.94
45,57,5,2,1,0,4,4,6,3,1,5,15,3,1,5,3,59.05
65,72,2,2,5,6,5,4,0,1,3,1,16,1,3,2,5,60.59
43,69,4,4,5,4,1,2,1,0,5,3,15,3,2,5,1,59.57
68,42,1,4,2,2,5,1,6,3,8,1,6,2,5,2,5,49.96
99,99,5,1,5,2,3,4,4,2,5,2,1,1,4,2,3,42.2
90,54,5,2,1,5,4,5,6,2,7,1,4,2,1,5,3,52.49
47,93,5,5,5,6,4,3,1,5,0,3,12,5,4,2,2,71.55
73,48,2,4,3,0,2,4,10,1,5,1,8,1,5,3,1,46.06
72,63,3,4,3,8,1,3,5,5,2,2,8,2,5,3,5,63.25
74,40,2,5,2,5,3,5,6,4,2,4,15,3,5,3,5,75.42
98,41,4,5,2,7,1,3,9,3,4,5,1,1,4,2,4,56.11
46,98,3,5,3,0,2,1,6,3,8,5,12,1,2,1,1,50.95
63,85,5,2,2,4,3,5,0,2,5,2,3,3,4,4,3,47.57
62,59,4,4,5,9,3,5,8,4,5,2,9,4,3,1,5,79.65
58,79,3,3,4,10,3,2,6,1,3,2,18,1,2,4,2,71.12
71,91,1,2,2,9,2,4,10,4,3,2,2,4,5,2,5,58.62
63,66,1,3,3,5,1,2,3,1,3,4,0,2,5,4,4,38.44
42,69,3,3,5,5,4,3,3,4,4,1,18,3,3,3,1,68.36
75,90,1,5,1,10,4,5,8,0,6,1,0,1,4,1,2,48.83
79,67,1,4,5,4,5,3,5,5,7,1,2,2,2,1,1,45.45
94,79,4,3,1,0,3,5,1,0,7,1,6,5,2,3,4,43.82
74,68,4,3,3,5,1,4,10,4,2,3,4,4,3,3,1,54.89
63,90,2,5,5,5,5,5,9,4,6,5,15,2,2,5,4,87.98
45,94,4,4,4,7,1,4,3,0,7,1,20,1,4,1,5,73.57
89,49,4,3,4,7,5,4,9,1,3,4,12,5,5,3,1,78.83
97,76,2,2,1,9,4,2,6,5,1,5,17,5,2,5,5,79.73
71,44,1,2,4,10,1,2,9,4,6,4,7,3,1,1,1,56.47
94,65,2,2,1,1,4,4,2,2,4,4,2,1,1,4,2,29.35
55,57,4,1,1,1,3,3,10,3,0,3,6,1,1,3,5,39.53
94,65,3,4,1,10,5,5,7,5,1,2,18,4,1,2,5,82.89
91,62,3,1,5,4,5,3,9,0,2,4,8,4,3,4,2,60.1
83,59,4,1,1,8,3,5,5,1,4,2,7,1,2,2,1,46.04
50,89,3,4,1,10,3,3,1,3,4,5,1,2,5,5,5,59.32
90,96,3,4,1,2,4,3,8,4,8,3,15,4,1,3,4,70.15
91,77,5,4,1,9,1,5,7,3,7,5,19,4,1,1,1,82.04
54,84,5,5,4,1,4,3,9,2,7,4,5,1,4,5,2,62.68
51,85,2,3,3,6,5,5,10,1,2,1,4,1,5,5,3,57.23
72,96,5,2,3,5,5,3,4,1,4,4,18,5,1,1,3,71.6
92,71,3,1,1,3,1,2,0,1,4,5,8,2,3,1,2,32.82
45,92,5,5,5,8,2,3,8,5,1,5,16,1,2,1,1,76.25
66,82,5,2,2,0,2,3,1,5,5,4,0,2,2,1,5,33.67
43,91,5,1,1,5,1,2,4,4,6,2,14,3,3,5,5,63.67
73,68,3,5,1,2,1,2,7,1,8,3,5,5,4,1,5,52.5
91,98,2,4,1,3,2,1,5,0,6,5,19,3,2,1,1,56.64
54,64,2,3,1,7,2,2,5,3,7,1,12,2,3,5,1,56.24
51,46,1,1,2,0,1,5,2,3,7,3,2,2,3,4,3,30.82
68,58,4,5,4,3,1,1,2,3,1,5,15,2,4,1,2,56.33
87,68,3,2,3,9,1,3,7,1,1,5,15,5,4,4,5,77.43
58,64,4,3,4,3,1,5,7,3,1,4,4,1,1,2,2,42.74
72,91,1,4,2,3,1,1,2,0,0,1,4,2,1,1,4,21.02
74,86,4,4,5,9,1,1,8,4,3,3,8,5,4,2,2,70.44
63,70,1,2,4,9,3,5,9,5,1,1,19,1,5,1,4,76.12
70,47,3,3,3,5,1,5,3,5,5,3,17,3,4,3,5,73.79
93,49,4,1,2,8,2,2,6,5,2,4,10,5,4,5,4,69.73
79,62,4,2,5,6,4,2,7,1,8,4,0,5,2,1,5,58.58
59,72,3,1,1,0,2,5,4,1,0,5,9,4,5,2,1,40.18
69,61,5,3,4,2,2,4,4,1,0,1,4,1,5,2,5,42.16
86,52,2,5,1,5,3,4,8,0,0,2,1,3,1,5,5,44.27
64,40,5,3,2,0,3,4,10,4,8,4,5,2,4,5,3,60.71
51,67,5,2,2,8,5,1,1,1,6,5,17,4,1,1,4,70.14
52,71,1,5,5,2,1,3,10,0,1,2,0,5,4,2,2,41.08
75,90,1,2,4,7,5,3,0,2,6,3,2,2,4,2,1,43.41
79,58,5,5,5,6,1,5,3,0,3,3,16,2,4,1,1,67.66
99,44,3,3,3,9,4,2,7,5,5,3,10,2,3,1,4,68.37
93,49,1,1,2,9,3,5,9,5,6,2,13,2,4,1,4,69.73
97,64,1,5,2,2,3,2,2,5,8,3,7,5,1,2,2,48.69
60,86,2,3,3,5,1,1,8,4,4,3,12,3,3,4,2,59.41
94,94,4,4,3,3,3,4,5,3,1,3,14,1,4,4,1,60.68
73,43,3,3,1,7,4,1,7,5,8,2,13,3,3,4,4,71.39
45,65,3,3,2,4,2,5,10,1,7,5,9,2,5,2,4,65.62
57,47,5,4,3,10,4,2,1,2,2,2,17,4,3,2,2,72.6
74,79,3,1,1,5,3,2,5,3,8,1,5,5,2,5,4,52.36
53,84,4,5,3,4,1,1,1,5,8,4,5,3,5,2,4,56.91
92,74,5,5,5,0,2,4,5,0,6,3,6,4,4,5,3,60.99
44,83,5,1,4,7,4,5,0,1,5,5,18,1,4,3,5,76.76
68,40,4,4,2,6,1,5,10,2,0,4,5,1,3,2,5,55.01
44,90,2,2,4,2,5,4,10,0,0,2,3,5,5,2,5,51.46
69,71,5,1,4,1,3,1,5,4,2,3,3,1,4,2,5,40.64
75,64,3,4,5,4,5,5,5,0,7,4,11,3,2,2,1,65.68
50,98,4,5,2,4,5,4,2,0,8,4,12,2,4,3,2,65.91
87,68,3,4,2,8,2,5,7,0,4,4,6,4,5,2,2,62.86
93,73,1,1,4,0,1,2,10,1,8,3,12,5,5,3,3,58.28
86,66,2,3,2,5,3,1,1,3,3,4,7,5,5,3,2,50.61
54,54,3,5,5,9,3,2,9,3,6,2,20,3,4,5,1,90.97
96,50,5,2,1,4,2,2,2,3,0,4,19,2,3,4,2,58.27
42,86,4,4,4,6,5,1,6,0,1,1,16,2,1,3,2,60.86
63,85,4,4,1,10,4,1,4,2,7,5,2,4,3,5,2,62.82
57,51,1,4,5,10,1,1,5,2,0,2,14,3,5,3,5,68.26
42,93,2,4,3,10,3,4,4,5,2,1,13,3,4,2,5,72.5
86,60,4,3,3,3,3,1,4,4,6,3,15,5,4,2,1,64.74
53,71,1,2,5,3,4,3,1,4,5,1,13,2,2,3,1,49.23
86,63,1,3,2,1,1,1,2,5,7,1,7,2,5,1,2,34.63
65,76,2,2,3,8,4,2,6,2,1,3,7,5,4,4,1,57.61
99,75,5,4,3,4,5,2,4,3,2,4,12,3,5,5,4,72.63
90,98,1,3,3,2,5,1,3,1,1,4,17,4,2,1,5,55.95
76,55,2,1,5,5,5,3,3,1,3,4,13,5,1,1,2,57.4
70,65,2,3,1,7,1,1,6,0,5,3,2,2,1,4,1,34.79
89,86,3,4,5,9,5,5,2,1,5,4,7,5,4,1,3,72.68
54,94,2,4,4,1,5,3,2,2,5,3,6,3,3,2,2,46.24
60,86,2,4,1,10,1,1,6,5,3,2,1,4,3,2,3,48.22
67,78,5,1,2,9,1,4,4,3,3,3,12,5,4,5,4,72.92
56,88,5,5,1,4,1,3,3,1,6,3,8,4,1,5,4,57.01
88,71,1,3,3,3,2,1,10,0,7,1,17,2,2,5,5,63.26
65,81,1,3,2,8,3,3,10,1,1,3,18,4,2,4,5,74.98
85,90,5,4,3,7,1,1,0,4,0,2,9,5,3,5,1,55.75
64,94,1,4,5,5,3,5,2,1,7,5,3,4,3,5,1,57.22
53,51,2,1,2,4,3,2,8,5,0,5,6,4,5,3,2,50.59
41,93,1,3,2,3,5,3,5,4,0,1,12,4,1,4,4,52.49
47,83,2,3,5,10,1,1,10,1,3,4,17,1,2,2,1,68.33
81,40,3,5,5,1,1,4,8,1,0,2,9,5,5,2,3,56.88
75,93,1,3,1,4,4,5,9,3,7,3,3,5,2,5,3,58.03
57,83,3,1,5,10,1,4,2,0,5,4,20,3,3,2,2,73.89
92,96,4,3,3,5,5,2,9,5,5,2,5,4,2,2,5,64.08
78,76,5,1,2,5,2,1,1,3,3,4,16,1,2,5,2,55.08
81,67,5,2,4,5,3,2,6,1,0,5,12,1,4,4,2,60.05
49,44,1,3,1,2,4,3,4,3,7,1,7,5,5,1,1,44.31
63,56,3,3,4,5,3,5,5,0,1,4,9,5,5,4,5,67.75
80,64,4,3,5,5,5,1,7,4,1,2,11,1,5,3,4,65.4
42,49,3,4,3,10,2,3,6,3,7,1,15,5,2,5,5,83.27
71,63,5,5,4,9,1,1,0,5,3,2,5,1,1,2,1,46.97
65,47,4,1,4,7,5,5,4,5,6,5,12,4,2,4,1,75.42
58,47,3,2,3,6,1,4,4,1,0,2,6,4,5,3,4,49.57
86,68,2,5,5,9,4,2,2,0,8,1,5,5,1,1,1,55.39
78,81,4,3,1,0,1,4,7,5,5,1,0,2,4,5,3,39.57
61,73,1,4,2,6,4,1,5,1,2,5,12,1,4,3,1,53.1
44,42,4,2,5,8,5,4,6,5,2,4,16,4,2,3,5,84.87
49,95,2,4,1,10,5,2,3,2,1,1,7,5,2,1,2,51.28
89,88,4,5,5,1,2,4,2,2,5,1,16,3,2,2,4,62.88
67,63,2,4,2,1,1,1,5,4,5,2,5,5,1,2,3,38.78
75,71,1,4,1,9,1,2,6,5,6,1,4,1,1,3,4,46.82
43,40,2,3,5,6,3,1,4,2,7,4,13,4,2,4,5,70.26
78,77,4,5,5,7,1,2,8,1,6,4,14,3,5,5,1,80.17
88,86,2,3,1,8,1,5,3,1,3,3,10,5,4,3,4,61.14
62,63,1,5,3,5,4,5,5,5,0,4,9,4,5,2,1,61.75
74,82,4,5,2,9,4,5,7,0,3,2,11,2,3,5,1,70.37
74,65,1,3,5,0,3,3,6,3,6,3,6,3,1,4,4,48.74
76,82,5,4,3,3,2,3,2,0,7,1,2,4,3,2,5,46.68
43,64,4,2,3,0,4,4,10,0,8,1,11,1,5,2,3,56.09
76,83,2,4,5,7,1,4,7,3,0,4,1,2,1,3,3,48.05
48,70,1,1,5,5,2,4,9,1,2,5,18,2,1,3,1,62.36
93,93,3,1,1,4,5,1,4,3,5,4,4,4,3,5,1,46.76
84,65,1,5,1,1,4,1,2,1,5,4,5,1,4,2,1,32.61
44,57,3,5,5,1,4,2,7,4,2,1,19,3,2,1,1,62.76
90,60,5,4,1,5,1,5,2,1,8,1,11,1,1,2,1,48.87
58,48,1,1,2,4,2,1,10,5,2,4,0,5,4,3,3,42.47
55,40,5,4,1,9,2,3,1,0,0,2,11,3,5,1,1,52.12
63,65,5,2,3,7,4,4,0,3,1,1,17,3,1,5,2,64.51
99,51,2,4,1,10,1,2,10,0,5,1,13,3,1,2,5,63.75
71,83,1,4,1,8,5,3,10,4,3,4,6,3,2,3,2,60.86
46,77,3,1,4,4,2,4,8,3,1,5,9,4,4,2,2,57.71
43,56,3,2,3,0,2,2,1,5,4,1,14,2,2,5,2,45.11
86,47,5,5,2,7,2,1,10,1,0,5,10,5,5,3,2,70.28
67,74,4,2,2,5,5,4,5,0,6,1,2,2,1,2,4,43.03
50,72,4,2,3,0,3,2,1,4,5,3,16,5,4,2,2,57.68
67,65,2,5,1,10,1,2,3,5,7,3,2,1,2,3,5,52.37
94,91,2,1,2,6,2,3,8,4,2,5,2,5,2,4,3,51.14
51,76,4,1,4,2,4,4,1,4,0,3,2,2,4,4,5,42.85
82,42,4,1,3,1,4,1,9,5,6,4,3,2,2,2,1,42.35
71,92,5,3,3,4,2,1,3,5,2,3,11,2,2,3,2,52.54
42,64,1,3,1,4,1,1,10,3,2,4,8,2,3,3,3,45.23
87,76,4,5,5,4,4,4,6,5,8,3,2,3,1,5,3,65.7
56,96,1,4,3,0,4,3,10,5,5,3,17,4,1,1,2,63.59
74,75,5,3,3,5,5,5,8,4,6,4,7,2,5,2,2,70.25
51,68,1,1,1,8,1,5,10,2,3,5,7,1,4,5,3,56.61
45,52,2,4,4,8,5,2,4,1,2,5,6,4,5,3,1,61.0
87,50,1,4,5,8,1,5,7,2,2,4,0,2,2,5,4,54.08
40,91,4,5,5,5,4,2,10,1,2,2,15,2,4,5,5,79.55
73,65,4,5,1,9,5,2,0,5,0,4,5,2,2,5,5,59.23
46,66,4,3,1,1,3,2,4,5,4,4,5,5,1,5,3,48.37
57,65,1,2,1,3,5,5,7,4,8,5,1,4,3,2,5,53.59
76,63,5,4,3,5,3,2,6,5,2,4,17,3,1,3,5,75.16
98,53,1,4,4,6,4,3,8,5,2,2,11,2,3,1,1,58.68
52,76,3,2,5,6,3,5,4,1,5,4,11,4,3,1,5,67.94
97,74,2,5,2,7,4,4,0,4,0,3,4,2,3,4,5,52.25
85,99,4,1,3,7,4,5,5,3,7,4,0,5,3,3,4,61.66
47,69,1,4,1,6,2,4,0,2,6,4,11,1,3,4,3,52.5
76,68,5,3,2,5,1,3,4,2,6,5,0,2,4,4,3,48.81
80,70,4,3,3,9,5,5,8,1,4,5,4,1,1,5,2,64.49
61,69,4,5,5,0,5,3,9,2,2,4,9,1,3,3,3,59.81
58,75,4,1,1,4,2,4,6,1,7,2,3,2,5,4,3,46.32
49,79,3,5,5,3,2,2,3,4,2,2,12,1,5,4,2,57.78
77,97,5,3,5,2,3,4,10,0,8,4,20,2,1,1,4,78.46
90,76,5,4,4,8,3,5,2,0,2,5,10,5,5,1,1,69.81
72,98,4,3,2,5,1,4,9,1,6,2,13,5,2,4,2,67.57
60,94,5,1,3,5,1,3,1,1,4,1,10,1,5,5,5,53.1
81,89,4,2,1,10,2,4,2,4,5,2,13,3,2,1,3,62.79
48,54,2,4,4,4,1,3,2,3,5,1,3,3,3,2,4,42.1
93,76,2,2,5,8,2,2,7,2,1,3,15,5,3,4,1,69.17
78,56,3,1,4,9,1,4,3,3,0,5,15,4,2,1,2,62.87
40,46,4,4,2,8,1,5,6,0,2,4,10,5,3,1,1,60.83
58,81,3,5,4,6,4,2,4,0,0,3,2,5,2,5,4,53.53
97,86,5,1,2,3,4,5,3,2,0,2,4,4,3,4,3,45.68
63,41,4,2,2,7,3,1,1,2,2,3,4,4,1,1,2,37.67
95,77,1,3,4,10,3,1,0,2,4,2,14,2,3,4,4,63.12
76,77,2,4,3,6,4,1,2,3,2,5,14,1,2,3,3,58.45
65,88,1,3,1,2,3,2,6,3,0,4,15,5,5,1,2,53.75
75,80,2,3,3,6,1,4,4,5,0,4,3,3,3,2,4,47.31
63,44,4,5,5,3,4,5,9,0,2,5,4,3,3,2,4,61.78
40,96,5,5,5,9,1,5,6,4,6,5,19,3,1,1,4,91.5
79,44,5,4,4,10,5,4,0,0,8,4,20,1,3,4,5,90.13
51,54,1,2,2,0,4,1,1,2,0,2,15,1,4,4,5,40.78
89,76,2,3,2,10,5,1,8,3,1,4,20,1,5,1,4,77.93
80,78,2,4,2,5,3,3,6,2,0,2,0,3,1,4,3,37.85
76,52,4,3,2,7,4,5,3,4,4,5,20,5,1,3,2,81.41
99,80,5,1,4,2,1,3,9,4,0,2,16,2,1,1,3,54.75
55,73,1,5,2,1,1,4,3,0,3,5,1,3,5,4,5,40.82
53,47,1,2,2,9,4,3,1,1,5,5,2,4,1,3,2,44.76
99,49,4,1,3,8,1,4,7,0,7,1,10,3,3,4,3,62.36
48,49,3,2,5,0,2,3,2,1,2,3,4,1,4,3,4,34.9
44,70,2,1,5,3,1,4,5,4,4,3,12,1,5,2,2,53.16
88,71,2,5,2,9,2,5,4,0,3,2,18,3,4,1,3,71.05
76,78,4,4,5,10,1,4,6,3,3,5,12,2,5,2,4,80.16
47,41,4,3,4,8,1,2,1,5,5,3,5,3,2,3,3,54.06
62,69,1,5,4,7,4,1,7,2,2,4,20,5,3,1,2,76.43
41,49,5,2,3,8,3,2,7,4,5,1,9,3,1,5,4,65.64
49,40,2,1,4,3,2,1,2,1,6,1,12,4,4,3,4,49.33
83,73,2,2,5,0,1,3,3,5,4,2,17,3,3,3,4,58.14
99,69,2,1,1,7,3,2,7,0,3,3,1,1,2,2,4,34.57
83,53,1,2,5,5,4,3,1,3,8,3,14,4,2,3,1,62.21
88,98,4,3,4,10,3,5,6,0,6,1,7,5,1,4,5,72.87
94,97,3,4,5,9,2,2,5,1,4,2,19,3,1,1,5,75.64
79,83,4,4,4,1,1,3,1,3,2,4,17,4,4,3,3,63.34
51,54,2,4,1,6,2,1,9,1,5,4,10,1,2,4,5,57.05
96,77,3,1,4,0,1,4,6,1,5,3,11,5,3,4,1,51.95
67,83,5,1,1,7,4,5,1,1,5,3,9,3,2,1,5,56.06
89,61,3,1,1,0,2,2,0,2,8,5,4,5,2,4,4,39.04
67,92,2,3,4,0,4,2,1,4,8,4,11,4,3,2,4,56.89
88,81,1,3,2,4,5,4,0,3,0,3,11,5,1,5,3,52.92
41,47,2,4,2,9,1,2,2,2,8,4,20,4,5,1,2,75.09
94,86,2,1,2,0,5,2,10,0,0,2,5,5,4,4,1,39.54
78,48,3,5,1,6,2,1,8,0,5,1,19,3,4,3,1,66.12
86,54,4,5,3,8,2,2,5,1,3,4,6,3,4,1,3,58.54
96,92,2,4,2,4,5,3,2,2,0,4,0,3,5,4,1,40.68
41,54,2,1,4,1,3,5,3,4,3,1,16,5,3,5,4,62.33
60,69,2,3,3,0,4,1,10,2,8,2,11,1,5,4,3,56.75
67,84,5,3,3,9,1,3,5,1,0,5,19,4,5,5,1,80.48
86,74,1,3,5,0,2,1,1,4,1,5,16,4,3,3,3,53.79
93,79,2,4,3,2,3,2,4,0,4,4,12,5,2,3,4,57.02
52,45,4,1,5,1,2,2,6,2,8,4,5,4,4,1,3,50.13
98,77,3,2,1,8,2,4,1,4,1,2,7,5,5,5,2,56.04
74,85,5,3,3,8,4,4,9,1,3,4,11,4,4,3,3,77.88
79,56,1,2,1,9,3,3,9,2,6,5,19,2,2,1,3,72.03
79,79,2,5,5,2,5,4,7,2,3,2,13,2,5,4,3,69.03
60,68,4,1,3,1,5,3,5,1,5,1,9,1,5,1,5,47.92
99,98,3,3,3,9,1,2,2,5,6,1,20,2,5,3,1,73.35
60,63,4,2,2,10,2,3,7,3,6,5,11,1,4,4,3,72.23
67,83,5,3,5,2,5,3,5,2,0,3,12,2,1,3,3,57.42
54,49,1,2,5,4,2,4,2,4,3,2,18,3,2,3,3,60.73
72,49,5,1,2,1,3,2,1,2,2,5,14,2,3,4,1,47.42
60,70,5,4,5,0,1,3,7,0,6,3,6,4,3,3,2,52.7
75,93,1,5,2,9,3,3,3,2,2,3,9,5,2,2,4,60.74
94,68,2,2,5,10,3,3,10,5,7,5,14,2,5,3,4,89.04
49,64,1,1,4,0,2,5,4,3,6,1,15,4,2,1,3,49.74
97,58,4,4,1,10,3,5,7,4,0,2,5,1,2,4,3,58.42
87,88,3,2,3,4,2,1,5,5,6,2,17,3,3,2,2,62.18
40,42,5,1,3,5,5,3,10,0,0,1,20,5,3,2,4,73.64
97,70,2,3,3,1,4,5,9,3,6,4,4,1,2,5,4,54.21
94,53,3,1,2,1,1,1,0,0,2,2,1,3,4,1,5,20.0
89,86,5,3,3,6,3,2,10,3,1,3,15,1,5,1,3,69.29
84,43,2,5,3,5,3,2,0,2,7,5,12,1,5,4,5,65.44
97,61,3,4,3,3,2,5,9,4,1,3,1,5,5,5,5,60.84
63,60,3,3,5,6,5,1,2,3,7,1,4,5,3,2,3,55.62
66,61,4,2,4,2,2,5,5,2,7,2,12,2,3,2,2,56.35
49,94,5,1,3,1,1,4,10,1,7,1,17,1,2,3,2,58.38
96,90,1,3,4,0,2,2,2,4,7,5,7,4,1,3,2,44.71
73,52,3,3,1,8,5,5,10,1,5,1,16,4,2,4,4,79.0
66,93,4,3,4,0,4,1,7,3,2,1,13,1,1,5,1,48.76
67,97,4,2,4,9,1,2,5,0,1,2,9,5,2,4,1,56.3
64,69,2,5,2,4,3,5,10,5,4,4,9,5,3,3,5,73.74
44,82,1,1,5,5,1,1,3,0,7,2,19,5,4,4,3,65.56
83,87,5,4,3,4,3,4,2,4,3,2,18,4,4,2,3,72.95
68,73,2,1,2,6,4,2,9,0,7,5,11,1,5,3,2,60.65
60,69,1,2,1,0,5,2,1,4,5,4,10,1,4,5,1,41.16
87,62,4,4,1,3,2,4,0,2,0,2,3,5,5,5,3,44.12
72,68,3,3,5,9,5,1,8,0,8,4,0,1,3,3,4,59.6
95,55,2,1,5,10,4,5,5,3,3,2,4,1,2,5,5,60.71
84,88,1,5,1,8,1,4,2,3,4,1,14,1,2,5,4,59.43
74,93,3,3,4,10,4,4,2,3,5,3,5,4,1,1,4,61.75
80,69,4,2,2,10,1,2,10,5,2,4,2,1,4,5,5,61.42
64,79,2,3,1,1,5,2,8,0,8,3,6,2,4,2,2,44.77
97,93,5,2,5,10,3,5,6,0,1,3,16,4,4,1,4,81.37
76,72,2,4,1,4,4,5,6,3,6,2,9,1,4,2,4,57.01
66,73,1,3,5,6,3,2,2,1,8,1,6,4,3,1,3,49.78
70,79,4,1,4,4,4,1,0,4,0,4,8,2,2,5,1,44.17
67,95,2,1,2,2,4,2,6,3,2,1,14,3,5,4,2,52.54
97,50,5,4,1,9,3,5,5,1,4,5,12,2,4,5,5,79.29
98,41,4,4,2,3,5,2,6,3,4,1,18,2,2,4,1,63.9
58,56,1,2,2,2,1,3,1,1,0,1,11,4,2,5,1,33.46
65,40,3,5,4,3,3,3,6,0,3,4,4,4,3,4,4,55.31
72,89,2,3,3,3,2,3,9,0,7,2,5,4,2,4,4,52.5
69,68,4,1,5,7,1,1,1,5,6,5,3,5,5,4,1,57.19
50,60,4,2,2,1,5,3,9,0,8,2,10,1,3,5,5,59.17
95,90,4,4,5,0,5,5,4,3,5,5,20,3,2,1,4,77.57
88,42,3,5,5,5,2,3,9,2,2,1,0,3,4,1,4,49.55
50,95,2,5,5,9,4,1,1,2,0,5,14,3,4,1,2,66.54
77,49,3,5,1,7,4,5,3,5,7,5,8,3,2,4,5,72.56
72,67,2,5,3,5,1,2,9,2,8,3,4,5,4,5,1,60.94
51,60,4,5,2,1,3,3,7,5,6,4,15,5,2,1,1,66.64
40,90,1,5,3,10,5,1,4,3,1,5,16,3,2,2,5,74.79
62,62,1,4,2,3,5,3,1,0,5,5,16,2,5,3,4,62.42
69,88,5,2,2,1,2,2,2,1,8,4,7,5,2,1,4,47.36
93,55,4,2,1,9,2,3,9,4,5,2,12,2,5,2,1,66.11
87,90,1,5,5,8,2,4,2,0,8,2,9,4,2,2,5,65.6
47,61,4,3,4,3,3,3,9,2,5,3,1,2,5,4,2,52.03
48,95,5,2,5,3,3,1,4,4,7,4,15,1,5,3,2,67.87
63,41,4,4,5,1,5,5,6,2,0,4,7,1,2,1,5,52.92
57,94,3,1,5,3,3,4,5,0,3,1,11,2,4,1,4,50.69
52,57,5,5,4,5,3,3,0,4,1,3,9,3,2,4,5,61.86
99,60,5,4,2,9,3,1,1,3,4,3,1,1,3,5,2,48.99
87,60,4,5,3,4,4,2,3,5,8,2,14,4,1,3,3,70.18
64,52,2,4,4,1,4,4,10,2,8,5,9,2,3,1,5,64.64
79,89,4,5,2,0,1,3,4,3,7,4,9,1,4,4,3,53.61
91,65,5,3,1,6,5,5,4,1,2,2,13,2,3,2,4,62.86
64,84,2,4,2,3,4,3,2,4,3,3,1,2,2,1,5,37.74
95,56,5,2,3,5,1,2,6,0,5,5,19,4,5,5,4,79.7
44,94,5,1,5,2,2,4,7,4,0,2,11,2,4,5,5,62.04
80,91,4,3,2,9,4,5,10,0,7,3,12,5,4,3,2,82.13
98,52,4,4,4,7,2,4,1,0,3,2,0,3,1,5,1,42.4
75,84,5,2,2,5,2,5,2,2,3,2,11,3,2,1,1,49.41
86,78,2,2,1,9,2,1,7,0,8,2,3,4,4,1,1,45.73
65,72,2,2,5,6,5,2,6,1,3,1,14,4,5,5,4,71.77
91,42,1,4,4,2,1,4,2,1,2,2,5,5,2,1,2,35.7
46,78,4,2,2,8,1,2,6,0,1,1,1,2,1,2,1,30.28
40,65,5,3,1,10,1,1,0,0,1,5,6,5,1,3,3,48.95
71,56,5,1,4,7,5,4,4,5,5,3,9,4,4,5,3,74.97
90,61,3,2,2,1,3,5,10,3,0,5,7,1,4,2,2,47.19
69,41,4,1,5,4,2,5,7,0,8,5,2,2,1,2,2,48.26
71,75,3,1,1,8,4,5,9,1,6,4,6,3,1,2,1,55.3
84,44,4,2,1,4,5,2,8,4,8,5,5,3,2,5,3,61.05
90,62,1,4,4,4,1,5,7,1,2,5,7,4,1,4,5,57.71
60,84,3,3,2,3,3,5,8,5,3,4,12,5,3,2,5,70.22
65,68,1,3,2,9,2,2,5,0,1,1,11,2,2,3,5,50.7
84,78,4,5,5,9,5,3,8,4,6,2,17,4,1,4,3,92.47
42,46,2,2,3,8,3,1,8,1,7,4,15,4,4,2,1,68.99
47,96,2,4,3,4,1,5,9,2,0,2,7,4,5,4,2,56.01
58,86,1,5,1,2,5,5,8,5,5,4,4,1,1,5,1,49.89
56,75,5,5,1,2,1,2,1,1,0,1,19,4,5,5,4,61.54
82,75,1,3,5,3,4,5,6,4,6,2,13,4,4,1,3,67.65
96,84,5,3,2,5,4,5,8,0,4,2,1,1,1,1,4,44.95
59,62,5,5,1,7,1,3,7,0,4,4,9,3,3,3,5,65.09
76,57,3,2,4,7,3,2,10,0,3,3,10,4,5,4,1,65.57
94,98,4,1,5,7,3,5,10,4,6,4,0,1,3,4,1,59.39
95,72,3,1,1,0,5,5,2,4,2,5,15,1,1,5,4,53.54
75,81,3,4,2,3,5,4,4,1,6,4,0,5,2,5,2,50.71
70,62,4,5,1,4,3,4,0,0,6,1,15,1,2,4,2,54.05
68,95,4,2,1,8,5,2,6,5,7,2,17,5,2,1,3,76.61
48,70,5,4,3,7,2,4,10,1,4,3,13,1,1,4,3,70.15
69,46,3,4,2,6,4,3,8,4,3,4,10,1,3,2,5,64.61
59,57,1,3,1,1,1,2,7,5,4,1,13,4,4,1,5,50.09
74,45,4,4,1,1,4,5,7,3,2,3,6,5,2,2,2,50.43
93,45,5,3,1,9,5,1,0,1,5,2,9,1,4,3,2,54.08
56,96,4,4,3,6,1,2,3,2,5,4,2,5,4,2,5,55.45
55,90,3,4,2,8,1,2,6,1,8,5,10,3,2,4,2,65.17
41,47,2,3,2,1,1,4,6,5,2,3,8,2,5,3,4,47.98
84,82,2,2,1,4,1,1,3,3,5,5,4,3,5,1,4,41.03
92,90,1,5,3,0,2,1,8,3,3,1,18,2,3,4,1,54.82
64,40,2,4,1,9,1,4,10,0,5,1,5,5,5,1,3,58.0
65,45,4,4,4,0,2,4,6,4,4,5,15,3,1,5,2,65.9
90,44,5,4,3,10,2,3,10,5,6,1,13,5,3,2,2,82.82
78,43,2,2,5,7,5,4,5,3,8,5,2,1,4,5,5,66.04
99,93,5,2,2,4,3,1,1,1,0,5,15,2,2,5,3,54.97
67,68,4,3,4,8,4,1,1,2,7,5,15,1,2,1,4,68.01
82,58,2,5,5,2,5,1,3,1,8,3,15,4,3,2,3,66.68
77,64,5,4,2,3,3,4,3,4,4,4,13,4,1,2,5,65.7
92,78,4,1,3,5,5,2,2,0,4,3,17,5,5,2,4,69.19
47,90,4,2,3,9,4,1,4,0,2,4,15,5,5,2,3,71.84
45,69,3,4,3,6,3,2,9,1,0,2,9,5,5,3,2,61.29
50,90,4,5,2,8,2,3,7,2,3,1,5,5,4,1,1,56.63
70,99,4,4,3,1,1,1,0,2,8,2,0,4,4,3,5,40.11
71,94,3,3,5,0,3,4,9,2,6,2,12,5,1,1,1,58.0
94,63,3,4,2,5,1,2,2,3,6,4,7,3,3,1,3,49.31
61,72,1,1,1,7,1,4,2,5,2,1,4,1,4,1,5,35.46
51,46,1,5,5,1,5,2,5,1,1,5,9,5,2,4,5,59.28
48,98,5,3,4,2,4,2,3,5,1,3,12,2,4,4,4,61.82
58,81,5,4,2,7,1,5,6,1,2,3,1,2,2,2,2,45.4
42,88,3,1,5,0,1,2,6,3,8,2,11,1,3,1,4,47.34
51,77,3,3,2,3,2,1,10,0,2,2,20,2,3,5,5,66.25
97,40,2,2,3,1,2,2,6,2,2,5,19,2,2,5,4,60.48
73,62,1,1,2,9,3,1,1,3,4,4,12,1,2,2,5,51.72
71,51,2,4,1,1,2,1,4,0,2,3,17,2,2,5,4,49.47
74,86,2,3,3,8,2,1,6,0,4,5,13,5,4,2,1,64.68
57,78,1,3,5,10,5,5,8,1,8,5,9,5,1,2,4,80.58
40,72,3,5,5,7,5,5,7,5,1,1,0,3,1,1,4,55.51
50,73,2,1,2,2,4,3,0,5,7,5,20,4,4,1,4,66.84
61,91,3,2,1,1,1,4,8,2,3,1,16,2,5,5,1,54.08
89,51,5,1,1,9,2,4,8,2,3,1,14,2,5,5,4,71.74
40,74,4,4,3,0,5,5,1,2,5,3,6,3,4,1,5,51.48
59,96,1,4,4,7,1,4,3,5,1,3,3,4,2,1,2,45.67
71,42,5,5,5,10,5,1,5,4,2,4,2,3,3,5,3,69.99
60,42,5,1,3,9,5,2,7,5,2,5,7,2,2,5,4,68.83
85,82,1,2,3,10,2,3,1,5,4,2,17,1,5,1,2,63.4
75,62,5,5,4,4,4,1,3,1,5,4,11,4,5,2,5,70.39
87,62,1,3,2,4,4,4,0,1,0,3,6,2,3,2,5,38.69
77,96,2,3,3,0,2,2,5,4,0,3,4,2,3,5,1,34.39
97,93,4,4,4,2,5,5,0,2,8,2,20,2,5,3,1,74.26
55,73,5,5,1,8,2,2,2,4,1,2,17,3,5,2,5,72.33
42,51,5,2,3,10,3,1,2,0,0,1,13,2,2,4,2,54.5
55,89,5,1,1,5,1,1,0,5,0,5,14,2,4,1,2,47.53
61,52,4,4,3,6,2,2,3,5,3,3,7,3,2,3,1,52.41
40,98,2,5,2,0,3,5,10,2,4,4,14,1,5,5,4,68.15
46,78,2,4,1,9,4,5,10,1,8,3,20,5,4,4,4,95.0
81,70,5,3,5,0,3,2,10,4,0,4,1,5,3,1,3,48.58
63,90,4,2,3,10,5,3,1,1,5,2,3,4,5,2,1,55.45
84,83,2,5,4,0,1,5,6,4,6,4,14,1,4,4,3,65.1
61,95,3,2,2,6,2,5,9,4,0,1,10,5,5,4,5,68.04
61,91,5,1,2,5,3,3,9,2,4,2,10,5,2,1,5,61.88
88,99,1,4,3,4,4,3,0,4,2,2,8,3,1,5,5,50.86
99,90,3,4,3,4,2,1,5,0,7,5,4,2,1,4,4,49.16
65,57,5,1,3,6,5,5,5,1,1,2,0,4,5,5,4,54.92
59,55,5,4,3,3,1,5,9,3,3,1,10,1,4,1,1,53.78
96,65,5,2,4,6,2,4,5,3,8,3,16,1,4,1,3,72.41
45,88,5,4,3,5,2,4,0,0,0,5,5,2,5,3,5,52.12
52,58,4,1,3,10,2,5,6,2,2,4,6,3,3,2,4,61.2
94,72,3,4,3,4,5,2,6,3,2,4,9,3,2,4,5,63.02
56,84,4,5,4,3,1,5,5,5,0,5,15,5,3,5,5,79.31
53,42,5,3,3,6,1,4,4,5,6,3,8,5,4,1,2,63.65
56,88,3,3,4,6,3,2,5,5,1,5,4,4,2,2,1,51.59
81,94,1,2,3,10,4,4,7,3,8,3,9,4,2,3,1,68.64
88,75,5,5,1,9,3,3,5,3,6,4,20,4,2,4,3,88.74
48,69,5,3,4,9,1,3,2,0,6,1,3,5,4,4,4,59.63
73,59,3,2,4,2,4,1,7,0,8,2,1,4,5,2,2,44.21
72,82,5,1,3,6,5,5,6,0,6,5,3,1,2,2,3,54.08
94,61,4,1,1,9,2,2,4,4,6,5,14,4,1,2,3,66.56
55,56,3,4,5,1,5,2,6,4,6,3,17,4,3,4,1,72.72
81,79,3,2,4,10,4,2,2,2,5,3,17,5,1,2,4,75.5
43,81,1,3,1,1,4,2,3,4,0,5,8,3,2,2,2,36.73
77,98,5,1,3,5,5,1,5,0,7,3,17,2,1,2,2,62.55
59,72,5,1,5,7,1,3,1,3,6,5,16,1,3,4,1,67.63
75,96,2,4,2,2,1,1,7,5,1,5,20,5,5,5,1,71.3
67,76,5,3,3,2,3,3,6,3,7,1,19,4,4,3,1,71.87
50,98,4,5,2,3,4,5,4,1,0,2,8,3,4,1,4,52.7
82,78,4,1,4,3,5,2,1,1,4,1,12,5,4,3,5,59.23
62,46,4,5,5,1,5,3,8,3,5,1,15,5,2,2,2,70.95
44,67,4,1,1,3,3,3,9,2,0,3,5,2,3,3,2,39.89
74,79,5,2,4,10,1,3,1,3,2,3,4,2,2,2,5,53.04
85,49,5,2,1,1,2,1,4,1,3,4,0,4,5,2,1,30.99
61,45,2,1,5,3,5,2,2,2,4,1,16,2,1,3,3,52.29
45,45,2,3,3,9,5,2,3,4,6,5,18,3,5,1,5,82.57
88,93,1,4,1,7,4,5,5,5,3,2,17,1,3,2,1,64.31
56,50,5,3,1,6,3,5,1,1,8,2,6,5,5,2,3,59.42
54,66,3,5,5,2,3,2,10,4,7,4,1,5,2,5,2,61.36
41,61,4,4,1,9,1,1,9,3,6,3,16,5,2,1,4,75.33
52,82,5,1,3,6,3,3,1,0,2,3,20,2,1,4,3,62.62
62,52,4,4,1,2,5,3,5,1,8,1,3,2,5,1,1,42.25
98,72,2,5,4,9,2,3,0,0,8,1,11,2,2,1,2,56.3
96,75,1,5,2,6,2,2,1,1,7,5,11,1,2,5,1,53.61
91,96,1,5,1,3,4,1,2,4,7,1,12,3,3,3,2,51.86
61,90,3,5,5,6,4,3,4,1,0,2,4,3,4,1,2,50.34
97,93,2,5,5,2,1,3,5,2,1,3,4,5,4,5,5,55.62
97,76,4,5,5,7,2,1,9,4,3,1,9,3,3,2,2,65.16
46,75,3,5,3,8,3,2,9,3,5,2,12,3,3,1,5,72.92
47,82,1,5,3,7,4,2,4,5,5,3,11,5,2,2,3,66.96
99,76,1,5,4,10,2,1,4,5,8,2,8,3,3,5,1,67.22
53,80,4,5,3,8,1,4,3,1,6,4,0,5,5,3,1,57.52
80,94,5,5,3,5,3,1,9,4,1,5,0,3,2,1,1,48.63
78,68,4,1,4,10,5,4,10,1,6,3,8,1,4,2,3,71.21
84,65,2,2,5,5,5,5,10,2,2,1,17,3,1,4,1,69.88
64,41,2,2,1,6,3,1,9,2,7,2,10,5,2,1,2,53.95
98,76,3,5,5,4,4,5,1,4,3,4,20,4,1,2,4,79.07
47,72,4,3,4,10,1,3,9,3,4,4,18,1,5,3,1,81.36
52,75,5,1,4,6,2,5,4,1,0,3,10,3,1,4,5,58.43
72,47,3,2,1,7,5,4,9,0,5,2,7,1,3,4,2,54.84
78,53,4,2,4,1,4,5,8,0,4,3,9,3,2,2,3,54.35
52,76,2,1,2,7,2,5,4,0,2,3,18,1,3,5,5,64.21
98,75,3,1,4,6,3,2,5,5,8,2,13,3,3,2,1,63.46
97,95,5,3,2,5,5,1,7,2,6,5,9,5,1,2,1,63.11
63,82,2,5,4,1,2,1,10,1,0,3,9,5,1,1,4,49.21
55,71,5,2,1,4,3,5,7,2,5,2,5,4,3,5,5,59.76
83,86,4,1,3,3,2,1,6,3,1,3,7,4,1,1,1,38.37
77,86,1,5,5,10,1,4,7,0,3,5,2,5,1,3,4,62.35
61,92,5,1,1,9,2,1,1,1,4,3,19,3,5,4,4,70.7
67,89,5,2,5,9,2,1,4,3,4,2,2,2,4,4,5,58.2
72,74,2,3,3,4,5,2,0,5,8,4,10,4,4,1,3,60.38
65,49,3,5,4,5,1,2,8,1,1,3,0,5,1,3,2,43.94
84,58,2,1,4,3,5,1,9,4,1,3,3,5,1,4,4,48.75
92,40,2,2,3,2,5,3,5,3,5,1,1,5,4,3,3,44.49
74,65,2,4,2,6,4,2,5,3,1,5,9,3,3,3,1,55.17
99,57,1,1,5,8,3,1,8,0,6,1,10,2,2,3,3,55.04
94,80,3,1,4,7,4,3,6,3,0,3,2,1,2,4,5,48.58
74,53,4,3,1,2,3,5,1,0,3,5,17,1,3,1,1,50.57
71,83,3,4,2,6,2,5,6,5,5,4,18,5,2,4,5,85.26
91,73,2,5,3,4,5,4,0,5,3,5,1,3,1,5,4,51.81
69,73,2,1,5,5,3,5,3,0,2,1,19,4,3,2,5,66.09
97,50,1,3,1,6,2,3,7,2,4,5,14,1,1,5,1,56.25
46,99,1,2,3,1,3,2,8,5,6,2,6,3,2,5,3,48.25
80,98,3,5,4,1,1,3,4,1,3,1,13,2,1,1,3,45.99
46,61,5,3,1,4,4,5,2,1,0,5,15,1,4,3,2,58.45
48,64,3,5,4,3,2,3,0,3,7,2,16,3,3,4,5,68.36
71,79,5,2,3,5,3,5,7,5,4,2,6,4,3,3,4,64.52
51,48,4,2,2,10,3,3,4,5,2,1,9,5,5,2,2,64.06
45,45,2,1,3,8,4,2,6,4,6,5,12,5,2,4,2,70.37
95,97,1,3,1,9,5,5,5,1,0,5,11,2,3,1,4,60.74
88,59,2,5,3,5,5,2,4,2,0,5,19,4,4,3,3,74.58
94,61,1,1,4,6,2,4,3,5,8,2,6,4,3,5,4,59.44
42,51,1,3,2,3,1,3,9,3,7,2,3,3,1,1,3,38.58
72,47,3,4,1,9,4,4,1,3,7,3,4,1,1,5,3,54.5
40,64,1,5,5,0,2,5,6,4,0,5,9,1,1,4,3,49.95
91,82,3,1,5,1,5,5,8,3,5,4,8,2,5,4,2,62.47
84,58,1,5,4,9,4,1,9,5,5,2,1,1,3,4,4,59.6
93,90,4,1,2,6,2,4,0,0,6,4,20,4,4,5,1,70.43
98,86,4,2,5,2,2,4,7,5,6,1,16,2,4,4,1,68.39
74,46,2,1,5,4,5,2,1,0,0,1,16,2,4,2,1,47.06
91,67,2,3,2,5,1,4,1,0,5,4,9,3,2,3,2,46.29
64,43,2,5,1,10,4,2,2,5,5,2,4,5,1,1,2,52.97
42,66,4,1,3,1,3,4,7,5,3,2,9,2,5,1,4,52.05
75,61,3,5,5,1,2,4,0,0,4,3,7,3,3,4,2,47.33
62,43,2,2,4,7,2,2,1,0,4,3,15,3,4,3,3,59.04
75,48,2,3,3,7,2,5,7,0,0,3,15,1,2,4,4,62.02
78,56,3,4,3,3,3,2,2,1,0,5,4,1,1,3,3,35.76
60,60,3,4,4,8,2,5,7,1,8,1,11,5,5,4,4,80.65
58,93,5,1,1,2,3,2,2,2,1,5,17,5,1,4,5,59.84
80,46,2,5,3,0,4,3,10,3,3,5,5,5,2,4,3,57.31
91,67,1,4,3,9,4,5,7,4,5,1,17,4,3,4,1,80.17
49,88,4,5,4,0,3,4,1,4,4,5,17,4,1,2,3,66.07
76,59,2,4,2,9,4,2,1,4,3,4,3,2,4,1,4,50.69
69,59,4,1,5,0,4,2,10,2,8,4,15,4,5,2,3,71.95
79,86,5,5,2,5,3,4,0,3,8,4,7,3,4,5,2,65.42
41,47,3,5,2,3,2,2,0,5,5,3,4,1,4,4,5,46.29
64,77,5,1,3,4,3,5,9,2,7,3,13,1,5,1,2,66.09
97,97,3,3,5,3,1,2,0,0,0,4,10,1,1,5,4,43.49
85,94,1,3,2,3,4,4,5,1,1,5,3,3,4,2,4,43.95
72,91,1,3,1,3,2,3,9,5,4,2,0,1,1,4,1,32.21
99,45,2,1,3,8,4,2,5,5,5,1,12,5,3,1,1,60.6
72,71,3,2,5,3,1,1,8,3,2,1,9,5,1,5,3,52.88
83,79,2,2,3,10,3,1,3,0,6,3,15,3,1,3,2,61.97
55,68,1,4,1,5,4,4,3,0,0,1,16,1,2,1,4,47.17
77,92,1,3,5,10,4,2,7,3,2,3,19,4,4,5,2,85.15
95,59,5,3,2,6,5,3,5,0,7,1,13,1,2,1,5,62.47
88,99,4,3,5,10,2,5,7,2,0,3,17,5,4,5,2,87.79
78,85,2,5,5,8,4,4,0,2,8,5,16,4,3,2,2,80.64
83,42,1,1,2,0,5,4,6,0,2,1,1,2,3,5,3,28.47
63,51,5,3,1,4,5,5,9,2,7,4,3,1,2,3,3,56.14
58,63,1,5,2,7,2,2,1,5,4,5,0,4,2,5,1,45.77
55,89,2,3,4,1,4,3,5,5,2,3,20,3,1,2,5,66.51
74,45,1,1,1,1,5,4,6,4,1,3,17,3,1,2,3,50.77
72,45,1,1,4,9,4,4,3,2,3,2,9,2,3,3,3,55.15
53,82,3,4,3,2,2,5,0,2,8,3,10,1,1,3,2,48.06
59,83,4,3,4,3,4,5,10,0,2,2,8,5,5,3,1,63.07
90,89,3,4,2,3,4,4,0,3,1,3,5,4,1,5,3,46.31
63,74,1,3,5,2,1,3,10,5,7,4,13,5,4,4,1,70.76
64,84,2,3,2,6,2,1,6,0,3,4,3,2,1,1,5,38.42
72,70,2,1,3,7,3,1,9,5,1,3,18,5,4,1,5,73.87
76,64,3,5,5,10,2,2,2,2,1,5,12,1,1,2,1,60.27
84,62,5,3,5,4,5,3,3,1,1,4,2,5,4,1,4,54.24
65,82,4,1,4,0,2,2,8,5,2,4,6,5,4,5,3,55.0
54,70,5,5,1,4,3,5,5,3,7,3,5,1,5,1,4,58.04
67,61,3,5,5,10,2,4,3,1,4,5,7,4,4,5,2,73.65
96,64,3,3,3,10,5,5,7,4,7,5,5,4,3,2,3,76.13
58,80,3,5,3,8,3,5,1,1,3,4,4,3,2,2,2,52.84
68,42,2,3,5,2,4,2,5,5,1,1,20,1,2,4,5,64.87
69,56,2,2,2,8,5,2,8,0,2,1,17,4,1,2,5,65.8
62,90,1,4,1,3,4,3,4,2,5,4,15,3,4,1,4,59.84
50,74,4,3,3,1,5,4,7,5,5,5,7,2,2,5,4,63.13
61,87,5,3,1,0,4,2,1,0,2,4,13,3,2,5,3,48.93
74,44,1,2,5,8,2,2,4,3,0,4,16,4,1,3,3,63.29
53,79,4,4,4,0,5,3,10,5,6,1,18,3,1,1,4,72.07
64,44,1,5,1,6,4,5,4,2,6,2,12,5,2,5,1,64.85
86,75,5,3,5,3,5,5,3,2,0,3,3,2,1,3,1,45.0
81,56,2,1,3,3,2,2,0,0,0,4,10,3,2,5,2,37.5
92,94,3,1,3,1,2,2,7,4,6,3,12,1,4,5,3,55.91
51,76,1,2,2,3,2,4,0,5,8,4,19,1,1,4,5,61.83
88,67,3,4,3,3,5,4,2,0,6,3,9,5,1,4,4,60.14
41,96,5,1,1,3,3,5,8,4,7,4,20,1,2,1,2,68.81
65,50,4,4,3,8,4,3,1,1,2,5,17,3,3,1,4,71.74
62,85,2,3,3,10,1,2,5,4,0,5,14,2,2,2,4,64.5
66,90,2,3,2,10,2,3,7,2,3,1,20,2,4,3,3,74.13
41,43,1,3,3,4,4,1,1,4,4,4,17,2,3,3,5,61.13
65,98,3,2,1,2,1,1,9,1,6,3,0,1,2,4,2,30.2
62,59,3,1,4,3,2,2,1,1,4,5,16,2,4,1,5,55.93
41,90,4,3,5,0,2,2,4,0,4,1,4,4,1,5,1,37.53
44,44,5,4,4,2,2,2,10,0,1,4,0,3,2,1,3,40.52
77,41,4,4,5,2,1,5,1,0,1,4,1,2,1,5,5,40.91
81,79,1,3,5,0,5,3,0,0,1,4,12,3,3,4,2,47.03
91,76,2,2,2,2,2,2,5,4,6,4,4,5,5,1,5,49.49
55,49,1,1,2,10,5,2,0,1,5,1,19,2,4,1,3,60.74
59,40,4,3,5,10,2,3,3,2,3,1,14,5,2,4,3,73.18
72,70,3,1,3,8,5,2,9,2,2,2,13,4,3,1,1,62.69
63,61,5,5,5,3,5,2,7,0,4,2,7,3,1,2,2,55.63
82,87,5,2,4,0,5,4,3,4,7,5,3,1,2,4,3,50.91
75,45,5,2,5,5,1,3,0,0,2,5,11,3,3,4,4,58.24
47,68,4,4,1,2,5,1,7,1,4,3,7,4,2,2,4,50.45
75,72,2,3,3,9,2,3,6,1,7,5,4,3,2,2,1,54.63
93,93,2,2,5,3,4,5,1,0,8,2,3,3,3,4,1,45.74
71,65,1,5,2,0,4,5,9,0,6,5,0,5,1,3,4,47.68
64,48,1,4,1,7,4,4,2,4,3,4,3,5,5,5,3,57.8
83,91,1,3,4,8,1,4,10,4,8,1,15,3,1,5,5,79.12
93,64,5,4,4,5,1,1,7,1,1,4,19,5,5,2,5,79.13
84,53,3,4,2,1,4,2,8,3,4,4,3,3,5,1,4,49.01
44,58,1,3,5,4,3,1,3,5,8,5,7,4,4,5,2,61.76
92,98,5,5,2,9,5,2,8,1,7,4,17,2,4,5,1,88.17
68,91,2,3,2,8,3,5,4,2,5,3,12,1,1,1,4,58.58
46,45,5,3,5,5,3,2,2,5,3,1,14,5,3,2,5,69.7
55,44,5,1,4,7,1,1,8,5,0,4,16,1,3,5,4,69.81
62,84,1,2,2,7,4,1,10,5,8,4,3,1,4,2,1,51.94
84,55,2,1,1,8,5,4,0,0,6,4,6,5,4,2,2,52.09
56,43,2,3,1,1,2,2,0,1,8,3,16,4,1,2,4,48.46
99,97,3,4,2,9,1,3,8,5,0,5,9,3,4,2,5,69.61